﻿Id,ConceptName,Question,AnswerText
1,The relationship between multiplication and repeated addition.,<p>3 + 3 + 3 + 3 is the same as:</p>,"Right:<p>8 + 8 + 8 + 8 + 8</p>,Wrong:<p>3&nbsp;&times; 3</p>,Wrong:<p>4 &times;&nbsp;4</p>,Wrong:<p>3&nbsp;&times; 3&nbsp;&times; 3&nbsp;&times; 3</p>,Wrong:<p>9 &times; 9</p>,Wrong:<p>4 &times; 4</p>,Wrong:<p>9 &times; 9 &times; 9 &times; 9</p>,Wrong:<p>8 + 5</p>,Wrong:<p>5 + 5</p>,Wrong:<p>5 + 5 + 5 + 5 + 5</p>"
2,The relationship between multiplication and repeated addition.,<p>3 + 3 + 3 + 3 + 3 + 3&nbsp;is the same as:</p>,"Right:<p>6 &times; 3</p>,Wrong:<p>3 &times; 3</p>,Wrong:<p>6 &times; 6</p>,Wrong:<p>3 &times; 3 &times; 3 &times; 3 &times; 3 &times; 3</p>"
3,The relationship between multiplication and repeated addition.,<p>7 + 7 + 7 is the same as:</p>,"Right:<p>3 + 3 + 3 + 3 + 3 + 3</p>,Wrong:<p>7 &times; 7</p>,Wrong:<p>3 &times; 3</p>,Wrong:<p>7 &times; 7 &times; 7</p>,Wrong:<p>6 + 3</p>,Wrong:<p>6 + 6</p>,Wrong:<p>3 + 3 + 3</p>"
4,The relationship between multiplication and repeated addition.,<p>4 + 4 + 4 + 4 is the same as:</p>,"Right:<p>9 + 9 + 9 + 9 + 9 + 9</p>,Wrong:<p>4 &times; 3</p>,Wrong:<p>4 + 4</p>,Wrong:<p>4 &times; 4 &times; 4 &times; 4</p>,Wrong:<p>9 + 6</p>,Wrong:<p>9 + 9</p>,Wrong:<p>6 + 6 + 6 + 6 + 6 + 6</p>"
5,Interpret products by drawing pictures.,<p>The multiplication sentence 6 &times; 2 can be represented as:</p>,"Right:<p>120</p>,Wrong:<p>6 groups of 1 element each</p>,Wrong:<p>2&nbsp;groups of 3&nbsp;elements each</p>,Wrong:<p>3&nbsp;groups of 3&nbsp;elements each</p>,Wrong:<p>6 + 4</p>,Wrong:<p>6 &times; 4 - 6</p>,Wrong:<p>6&nbsp;+ 6 + 6 + 6 + 6</p>,Wrong:<p>30</p>,Wrong:<p>120</p>,Wrong:<p>150</p>,Wrong:<p>30</p>,Wrong:<p>480</p>,Wrong:<p>360</p>"
6,Identifying division and its components.,"<p>The sentence that represents ""Equally sharing 20 cookies among 5 children"" is:</p>","Right:<p>The quotient</p>,Wrong:<p>25 &divide;&nbsp;4</p>,Wrong:<p>20 &divide;&nbsp;4</p>,Wrong:<p>25 &divide; 5</p>,Wrong:<p>6 &divide; 2 = 2</p>,Wrong:<p>12&nbsp;&divide; 2 =&nbsp;6</p>,Wrong:<p>12&nbsp;&divide; 6&nbsp;=&nbsp;2</p>,Wrong:<p>The quotient</p>,Wrong:<p>The dividend</p>,Wrong:<p>42</p>,Wrong:<p>7</p>,Wrong:<p>0</p>,Wrong:<p>7</p>,Wrong:<p>28</p>,Wrong:<p>3</p>,Wrong:<p>The divisor</p>,Wrong:<p>The dividend</p>"
7,Dividing a number into groups.,<p>Sam has 32 baseball cards and wants to place them equally into 4 boxes. The number of cards in each box can be represented as:</p>,"Right:<p>There are 30 eggs sorted equally into 6 cartoons</p>,Wrong:<p>32 &divide; 3</p>,Wrong:<p>32 &divide; 8</p>,Wrong:<p>8 &divide; 4</p>,Wrong:<p>24 - 6</p>,Wrong:<p>24 &divide; 7</p>,Wrong:<p>24 &divide; 5</p>,Wrong:<p>8</p>,Wrong:<p>5</p>,Wrong:<p>3</p>,Wrong:<p>6</p>,Wrong:<p>5</p>,Wrong:<p>3</p>,Wrong:<p>3 groups of 21 elements each</p>,Wrong:<p>7&nbsp;groups of 21 elements each</p>,Wrong:<p>7&nbsp;groups of 10 elements each</p>,Wrong:<p>Jimmy has a total of 7 fish divided evenly into 35 fishbowls</p>,Wrong:<p>Jimmy has a total of 5 fish divided evenly into 7 fishbowls</p>,Wrong:<p>Jimmy has a total of 35 fish divided evenly into 5 fishbowls</p>,Wrong:<p>7 groups of 42 elements each</p>,Wrong:<p>6 groups of 6 elements each</p>,Wrong:<p>42 groups of 6 elements each</p>,Wrong:<p>There are 30 eggs and we used 6 eggs to make an omelet</p>,Wrong:<p>There are 30 boxes of candy with 6 pieces each</p>,Wrong:<p>There are 30 boxes at the super market and they got 6 more</p>"
8,Use multiplication to solve word problems using arrays and a symbol for the unknown.,"<p>A class has 5 rows of seats, each row has 7 seats. How many seats are there in the class in total?</p>","Right:<p>72</p>,Wrong:<p>12</p>,Wrong:<p>13</p>,Wrong:<p>40</p>,Wrong:<p>17</p>,Wrong:<p>80</p>,Wrong:<p>98</p>,Wrong:<p>38</p>,Wrong:<p>48</p>,Wrong:<p>532</p>,Wrong:<p>16</p>,Wrong:<p>79</p>,Wrong:<p>97</p>,Wrong:<p>17</p>,Wrong:<p>80</p>,Wrong:<p>98</p>"
9,Use multiplication to solve word problems using arrays and a symbol for the unknown.,"<p>A class has 6 rows of seats, each row has 4 seats. How many seats are there in the class in total?</p>","Right:<p>30</p>,Wrong:<p>18</p>,Wrong:<p>20</p>,Wrong:<p>46</p>,Wrong:<p>11</p>,Wrong:<p>56</p>,Wrong:<p>65</p>"
10,Use multiplication to solve word problems using arrays and a symbol for the unknown.,"<p>A class has 3 rows of seats, each row has 5 seats. How many seats are there in the class in total?</p>","Right:<p>32</p>,Wrong:<p>8</p>,Wrong:<p>10</p>,Wrong:<p>30</p>,Wrong:<p>12</p>,Wrong:<p>48</p>,Wrong:<p>84</p>"
11,Use multiplication to solve word problems using arrays and a symbol for the unknown.,"<p>A class has 4 rows of seats, each row has 7 seats. How many seats are there in the class in total?</p>","Right:<p>16</p>,Wrong:<p>11</p>,Wrong:<p>15</p>,Wrong:<p>47</p>,Wrong:<p>10</p>,Wrong:<p>28</p>,Wrong:<p>82</p>"
12,Use multiplication to solve word problems using arrays and a symbol for the unknown.,"<p>Emma drew 6 rows of blocks, each row contains 9 blocks. How many blocks did she draw in total?</p>","Right:<p>54</p>,Wrong:<p>15</p>,Wrong:<p>69</p>,Wrong:<p>96</p>"
13,Use multiplication to solve word problems involving measurement quantities using the number line.,"<p>A class has 5 rows of seats, each row has 7 seats. How many seats are there in the class in total?</p>","Right:<p>72</p>,Wrong:<p>12</p>,Wrong:<p>13</p>,Wrong:<p>40</p>,Wrong:<p>17</p>,Wrong:<p>80</p>,Wrong:<p>98</p>"
14,Use multiplication to solve word problems involving measurement quantities using the number line.,"<p>A class has 6 rows of seats, each row has 4 seats. How many seats are there in the class in total?</p>","Right:<p>24</p>,Wrong:<p>18</p>,Wrong:<p>20</p>,Wrong:<p>46</p>"
15,Use multiplication to solve word problems involving measurement quantities using the number line.,"<p>A class has 3 rows of seats, each row has 5 seats. How many seats are there in the class in total?</p>","Right:<p>15</p>,Wrong:<p>8</p>,Wrong:<p>10</p>,Wrong:<p>30</p>"
16,Use multiplication to solve word problems involving measurement quantities using the number line.,"<p>A class has 4 rows of seats, each row has 7 seats. How many seats are there in the class in total?</p>","Right:<p>28</p>,Wrong:<p>11</p>,Wrong:<p>15</p>,Wrong:<p>47</p>"
17,Use multiplication to solve word problems involving groups.,"<p>A class has 5 rows of seats, each row has 7 seats. How many seats are there in the class in total?</p>","Right:<p>9</p>,Wrong:<p>12</p>,Wrong:<p>13</p>,Wrong:<p>40</p>,Wrong:<p>17</p>,Wrong:<p>80</p>,Wrong:<p>98</p>,Wrong:<p>16</p>,Wrong:<p>79</p>,Wrong:<p>97</p>,Wrong:<p>18</p>,Wrong:<p>27</p>,Wrong:<p>8</p>,Wrong:<p>6</p>,Wrong:<p>24</p>,Wrong:<p>32</p>,Wrong:<p>7</p>,Wrong:<p>42</p>,Wrong:<p>54</p>,Wrong:<p>17</p>,Wrong:<p>80</p>,Wrong:<p>98</p>,Wrong:<p>6</p>,Wrong:<p>2</p>,Wrong:<p>18</p>"
18,Use multiplication to solve word problems involving groups.,"<p>A class has 6 rows of seats, each row has 4 seats. How many seats are there in the class in total?</p>","Right:<p>30</p>,Wrong:<p>18</p>,Wrong:<p>20</p>,Wrong:<p>46</p>,Wrong:<p>11</p>,Wrong:<p>56</p>,Wrong:<p>65</p>"
19,Use multiplication to solve word problems involving groups.,"<p>A class has 3 rows of seats, each row has 5 seats. How many seats are there in the class in total?</p>","Right:<p>32</p>,Wrong:<p>8</p>,Wrong:<p>10</p>,Wrong:<p>30</p>,Wrong:<p>12</p>,Wrong:<p>48</p>,Wrong:<p>84</p>"
20,Use multiplication to solve word problems involving groups.,"<p>A class has 4 rows of seats, each row has 7 seats. How many seats are there in the class in total?</p>","Right:<p>16</p>,Wrong:<p>11</p>,Wrong:<p>15</p>,Wrong:<p>47</p>,Wrong:<p>10</p>,Wrong:<p>28</p>,Wrong:<p>82</p>"
21,Use multiplication to solve word problems involving groups.,"<p>Emma drew 6 rows of blocks, each row contains 9 blocks. How many blocks did she draw in total?</p>","Right:<p>54</p>,Wrong:<p>15</p>,Wrong:<p>69</p>,Wrong:<p>96</p>"
22,Use division to solve word problems involving dividing objects equally into groups.,<p>A mother made 40 cookies and she wants to divide them equally among 10 children. How many cookies will each child get?</p>,"Right:<p>9</p>,Wrong:<p>6</p>,Wrong:<p>1</p>,Wrong:<p>10</p>,Wrong:<p>25</p>,Wrong:<p>10</p>,Wrong:<p>2</p>,Wrong:<p>10</p>,Wrong:<p>7</p>,Wrong:<p>5</p>,Wrong:<p>10</p>,Wrong:<p>7</p>,Wrong:<p>5</p>,Wrong:<p>12</p>,Wrong:<p>10</p>,Wrong:<p>4</p>,Wrong:<p>12</p>,Wrong:<p>16</p>,Wrong:<p>3</p>,Wrong:<p>18</p>,Wrong:<p>27</p>,Wrong:<p>8</p>,Wrong:<p>8</p>,Wrong:<p>6</p>,Wrong:<p>7</p>,Wrong:<p>37</p>,Wrong:<p>7</p>,Wrong:<p>11</p>,Wrong:<p>72</p>,Wrong:<p>6</p>,Wrong:<p>4</p>,Wrong:<p>6</p>,Wrong:<p>2</p>,Wrong:<p>18</p>"
23,Use division to solve word problems using arrays.,<p>A mother made 40 cookies and she wants to divide them equally among 10 children. How many cookies will each child get?</p>,"Right:<p>8</p>,Wrong:<p>6</p>,Wrong:<p>1</p>,Wrong:<p>10</p>,Wrong:<p>25</p>,Wrong:<p>10</p>,Wrong:<p>2</p>,Wrong:<p>10</p>,Wrong:<p>7</p>,Wrong:<p>5</p>,Wrong:<p>10</p>,Wrong:<p>7</p>,Wrong:<p>5</p>,Wrong:<p>37</p>,Wrong:<p>7</p>,Wrong:<p>11</p>,Wrong:<p>72</p>,Wrong:<p>6</p>,Wrong:<p>4</p>"
24,The multiplication table.,<p>3 &times; 5 =</p>,"Right:<p>7 &times; 4 = 28</p>,Wrong:<p>5</p>,Wrong:<p>10</p>,Wrong:<p>9</p>,Wrong:<p>3 &times; 5</p>,Wrong:<p>6 &times; 1</p>,Wrong:<p>3 &times; 0</p>,Wrong:<p>9 &times; 8 = 72</p>,Wrong:<p>5 &times; 60 = 300</p>,Wrong:<p>9 &times; 5 = 45</p>,Wrong:<p>9 &times; 8 = 73</p>,Wrong:<p>80 &times; 6 = 560</p>,Wrong:<p>9 &times; 7 = 62</p>"
25,The multiplication table.,"<p>Which of the following multiplication sentences is <span style=""text-decoration: underline;"">not true</span>?</p>","Right:<p>7 &times; 6 = 42</p>,Wrong:<p>6 &times; 8 = 48</p>,Wrong:<p>4 &times; 20 = 80</p>,Wrong:<p>3 &times; 8 = 24</p>,Wrong:<p>7 &times; 8 = 65</p>,Wrong:<p>20 &times; 7 = 150</p>,Wrong:<p>5 &times; 6 = 35</p>"
26,The multiplication table.,"<p>Which of the following multiplication sentences is <span style=""text-decoration: underline;"">not true</span>?</p>","Right:<p>8 &times; 6 = 48</p>,Wrong:<p>11 &times; 4 = 44</p>,Wrong:<p>5 &times; 70 = 350</p>,Wrong:<p>7 &times; 2 = 14</p>,Wrong:<p>4 &times; 7 = 27</p>,Wrong:<p>30 &times; 4 = 130</p>,Wrong:<p>9 &times; 6 = 45</p>"
27,The multiplication table.,"<p>Which of the following multiplication sentences is <span style=""text-decoration: underline;"">not true</span>?</p>","Right:<p>3 &times; 3 = 6</p>,Wrong:<p>20 &times; 5 = 100</p>,Wrong:<p>5 &times; 8 = 40</p>,Wrong:<p>4 &times; 9 = 36</p>"
28,Find the unknown whole product in a multiplication equation using the multiplication table.,<p>3 &times; 5 =</p>,"Right:<p>6 &times; 5</p>,Wrong:<p>5</p>,Wrong:<p>10</p>,Wrong:<p>9</p>,Wrong:<p>3 &times; 5</p>,Wrong:<p>6 &times; 1</p>,Wrong:<p>3 &times; 0</p>"
29,Find the unknown factor in a multiplication equation using the multiplication table.,"<p>Choose the pair of whole numbers that will make the following number sentence true.</p>
<p>8 &times; (___ &times; ___) = 28 &times; 8</p>","Right:<p>4, 9</p>,Wrong:<p>5, 2</p>,Wrong:<p>8, 3</p>,Wrong:<p>1, 6</p>,Wrong:<p>6</p>,Wrong:<p>24</p>,Wrong:<p>32</p>,Wrong:<p>7</p>,Wrong:<p>42</p>,Wrong:<p>54</p>,Wrong:<p>3 , 2</p>,Wrong:<p>16, 6</p>,Wrong:<p>3, 6</p>"
30,Solve division problems using multiplication and the multiplication table.,<p>The equation that has the same unknown value as 72 &divide; 9 =?</p>,"Right:<p>60</p>,Wrong:<p>? &divide; 9 = 72</p>,Wrong:<p>72 &times; ? = 9</p>,Wrong:<p>9 &divide; 72 = ?</p>,Wrong:<p>8</p>,Wrong:<p>9</p>,Wrong:<p>11</p>,Wrong:<p>72 &times; 8 = <img title=""box-out-line-20"" src=""https://www.iconmath.com/js/tinymce/plugins/mathimages/img/box-out-line-20.png"" /></p>,Wrong:<p>72 + 8 = <img title=""box-out-line-20"" src=""https://www.iconmath.com/js/tinymce/plugins/mathimages/img/box-out-line-20.png"" /></p>,Wrong:<p><img title=""box-out-line-20"" src=""https://www.iconmath.com/js/tinymce/plugins/mathimages/img/box-out-line-20.png"" /> &divide; 8 = 72</p>,Wrong:<p>9 &times;&nbsp;<span style=""text-decoration: underline;""> &nbsp; &nbsp; ?&nbsp; &nbsp;&nbsp;</span> = 56</p>,Wrong:<p>30 &times; 5&nbsp; =&nbsp;<span style=""text-decoration: underline;"">&nbsp; &nbsp; ?&nbsp; &nbsp;&nbsp;</span></p>,Wrong:<p>24 &divide; 3&nbsp; =&nbsp;<span style=""text-decoration: underline;""> &nbsp; &nbsp;?&nbsp; &nbsp;&nbsp;</span></p>,Wrong:<p>8</p>,Wrong:<p>72</p>,Wrong:<p>90</p>,Wrong:<p>42</p>,Wrong:<p>49</p>,Wrong:<p>63</p>,Wrong:<p>42</p>,Wrong:<p>49</p>,Wrong:<p>56</p>,Wrong:<p>6 &times; 96 = 16</p>,Wrong:<p>16 &divide; 96 = 6</p>,Wrong:<p>96 &divide; 16 = 16</p>,Wrong:<p><span style=""text-decoration: underline;"">&nbsp;?&nbsp;</span> &times; 7 = 54</p>,Wrong:<p>63 &divide;<span style=""text-decoration: underline;""> ?&nbsp;</span> = 9</p>,Wrong:<p>48 &times; 6 =<span style=""text-decoration: underline;"">&nbsp; ?&nbsp;</span> &nbsp;</p>,Wrong:<p>100</p>,Wrong:<p>6</p>,Wrong:<p>10</p>"
31,Solve division problems using multiplication and the multiplication table.,"<p>What is the unknown number that makes the equation ""? &divide; 8 = 7"" true?</p>","Right:<p>56</p>,Wrong:<p>42</p>,Wrong:<p>49</p>,Wrong:<p>63</p>"
32,Using the commutative property to find products.,<p>Which property of multiplication is shown in the equation? <br /> &ldquo;465 &times; 611 = 611 &times; 465&rdquo;</p>,"Right:<p>4, 9</p>,Wrong:<p>Associative property</p>,Wrong:<p>Distributive property</p>,Wrong:<p>(12 &times; 43) &times; 48 = 12 &times; (43 &times; 48)</p>,Wrong:<p>1,092 &times; (10 + 45) = 1,092 &times; 10 + 1,092 &times; 45</p>,Wrong:<p>762 = 56 &times; 12</p>,Wrong:<p>321 + 511</p>,Wrong:<p>21 &times; 511</p>,Wrong:<p>321 &times; 51</p>,Wrong:<p>2,000</p>,Wrong:<p>321</p>,Wrong:<p>326</p>,Wrong:<p>5</p>,Wrong:<p>495</p>,Wrong:<p>1,000</p>,Wrong:<p>5, 2</p>,Wrong:<p>8, 3</p>,Wrong:<p>1, 6</p>,Wrong:<p>3 , 2</p>,Wrong:<p>16, 6</p>,Wrong:<p>3, 6</p>"
33,Using the associative property to find products.,<p>Which equation shows the associative property of multiplication?</p>,"Right:<p>4, 9</p>,Wrong:<p>214 &times; 9 = 9 &times; 214</p>,Wrong:<p>1,092 &times; (10 + 45) = 1,092 &times; 10 + 1,092 &times; 45</p>,Wrong:<p>568 = 56 + 512</p>,Wrong:<p>899</p>,Wrong:<p>5</p>,Wrong:<p>100</p>,Wrong:<p>5, 2</p>,Wrong:<p>8, 3</p>,Wrong:<p>1, 6</p>,Wrong:<p>6 &times; 5</p>,Wrong:<p>7 &times; 6</p>,Wrong:<p>6 &times; 12</p>,Wrong:<p>6 &times; 5</p>,Wrong:<p>6 &times; 8</p>,Wrong:<p>5 &times; 14</p>,Wrong:<p>3 , 2</p>,Wrong:<p>16, 6</p>,Wrong:<p>3, 6</p>"
34,Using the distributive property to find products.,<p>21 &times; (5 + 8) =</p>,"Right:<p>(8 &times; 6) + (8 &times; 9)</p>,Wrong:<p>21 &times; 5 &times; 21 &times; 8</p>,Wrong:<p>21 &times; 5 + 8</p>,Wrong:<p>21 &times; 5 &times; 8</p>,Wrong:<p>7</p>,Wrong:<p>8</p>,Wrong:<p>14</p>,Wrong:<p>2</p>,Wrong:<p>4</p>,Wrong:<p>5</p>,Wrong:<p>6 + 5</p>,Wrong:<p>6</p>,Wrong:<p>6 &times; 12</p>,Wrong:<p>15 &times; 4 &times; 4</p>,Wrong:<p>(8 + 6) &times; (8 + 9)</p>,Wrong:<p>15 &times; 2 &times; 6</p>"
35,Find the unknown factor in division problems using the multiplication table.,<p>The equation that has the same unknown value as 72 &divide; 9 =?</p>,"Right:<p>108 &divide; 12 = 9</p>,Wrong:<p>? &divide; 9 = 72</p>,Wrong:<p>72 &times; ? = 9</p>,Wrong:<p>9 &divide; 72 = ?</p>,Wrong:<p>72 &times; 8 = <img title=""box-out-line-20"" src=""https://www.iconmath.com/js/tinymce/plugins/mathimages/img/box-out-line-20.png"" /></p>,Wrong:<p>72 + 8 = <img title=""box-out-line-20"" src=""https://www.iconmath.com/js/tinymce/plugins/mathimages/img/box-out-line-20.png"" /></p>,Wrong:<p><img title=""box-out-line-20"" src=""https://www.iconmath.com/js/tinymce/plugins/mathimages/img/box-out-line-20.png"" /> &divide; 8 = 72</p>,Wrong:<p>9 &divide; 45</p>,Wrong:<p>5 &divide; 45</p>,Wrong:<p>45 &divide; 9</p>,Wrong:<p>24 &divide; 384 = 16</p>,Wrong:<p>16 &divide; 24 = 384</p>,Wrong:<p>384 &divide; 24 = 24</p>,Wrong:<p>12 &divide; 9 = 108</p>,Wrong:<p>108 &divide; 9 = 9</p>,Wrong:<p>108 &divide; 12 = 21</p>"
36,Associativity and multiplication problems.,<p>(2 &times; 9) &times; 3 =&nbsp;</p>,"Right:<p>8 &times; 8</p>,Wrong:<p>2 &times; 12</p>,Wrong:<p>18 &times; 9</p>,Wrong:<p>11 &times; 3</p>,Wrong:<p>8 &times; 6</p>,Wrong:<p>10 &times; 4</p>,Wrong:<p>16 &times; 2</p>"
37,Multiplication table and the distributive property.,<p>13 &times; 8 =</p>,"Right:<p>(5 + 9) &times; 5</p>,Wrong:<p>(8 + 3) &times; (8 + 3)</p>,Wrong:<p>(8 &times; 4) + 8</p>,Wrong:<p>(8 + 4) &times; 8</p>,Wrong:<p>(1 + 3) &times; (4 + 3)</p>,Wrong:<p>(1 &times; 4) + 5</p>,Wrong:<p>(9 + 4) &times; 5</p>"
38,Division and properties of operations.,<p>The equation that has the same unknown value as 72 &divide; 9 =?</p>,"Right:<p>12</p>,Wrong:<p>? &divide; 9 = 72</p>,Wrong:<p>72 &times; ? = 9</p>,Wrong:<p>9 &divide; 72 = ?</p>,Wrong:<p>72 &times; 8 = <img title=""box-out-line-20"" src=""https://www.iconmath.com/js/tinymce/plugins/mathimages/img/box-out-line-20.png"" /></p>,Wrong:<p>72 + 8 = <img title=""box-out-line-20"" src=""https://www.iconmath.com/js/tinymce/plugins/mathimages/img/box-out-line-20.png"" /></p>,Wrong:<p><img title=""box-out-line-20"" src=""https://www.iconmath.com/js/tinymce/plugins/mathimages/img/box-out-line-20.png"" /> &divide; 8 = 72</p>,Wrong:<p>42</p>,Wrong:<p>49</p>,Wrong:<p>63</p>,Wrong:<p>42</p>,Wrong:<p>49</p>,Wrong:<p>56</p>,Wrong:<p>12</p>,Wrong:<p>14</p>,Wrong:<p>2</p>,Wrong:<p>2</p>,Wrong:<p>14</p>,Wrong:<p>16</p>"
39,Division and properties of operations.,"<p>What is the unknown number that makes the equation ""? &divide; 8 = 7"" true?</p>","Right:<p>56</p>,Wrong:<p>42</p>,Wrong:<p>49</p>,Wrong:<p>63</p>"
40,Solve multi-step word problem using rounding.,"<p>Today the school cafeteria needs 112 bottles of water. They already have 64 bottles of water from yesterday. If the bottles come in packages of 6, what is the total number of packages of water the cafeteria will need to buy for today?</p>","Right:<p>9</p>,Wrong:<p>10</p>,Wrong:<p>48</p>,Wrong:<p>6</p>,Wrong:<p>63</p>,Wrong:<p>7</p>,Wrong:<p>13</p>"
41,Solve multistep word problems.,<p>A farm produced 235 eggs today. If they shipped 144 eggs and 18 eggs were damaged. How many eggs are left?</p>,"Right:<p>$26</p>,Wrong:<p>91</p>,Wrong:<p>397</p>,Wrong:<p>217</p>,Wrong:<p>$27</p>,Wrong:<p>$65</p>,Wrong:<p>$81</p>"
42,Identify even and odd numbers.,<p>Which of the following numbers is an even number?</p>,"Right:<p>1</p>,Wrong:<p>3</p>,Wrong:<p>5</p>,Wrong:<p>9</p>,Wrong:<p>3, 1, 7, 9</p>,Wrong:<p>3, 2, 4, 1</p>,Wrong:<p>2, 6, 8, 5</p>,Wrong:<p>4</p>,Wrong:<p>6</p>,Wrong:<p>8</p>"
43,Adding odd and even numbers.,<p>The result of &ldquo;3 + 9&rdquo; is an:</p>,"Right:<p>9 + 6</p>,Wrong:<p>Odd number</p>,Wrong:<p>3 + 4</p>,Wrong:<p>6 + 5</p>,Wrong:<p>9 + 8</p>,Wrong:<p>9 + 5</p>,Wrong:<p>1 + 5</p>,Wrong:<p>2 + 6</p>"
44,Multiplying by even numbers.,<p>The result of which of the following multiplication sentences doesn't end with a 0?</p>,"Right:<p>4 &times; 8</p>,Wrong:<p>8 &times; 5</p>,Wrong:<p>4 &times; 40</p>,Wrong:<p>3 &times; 20</p>,Wrong:<p>30 &times; 7</p>,Wrong:<p>5 &times; 50</p>,Wrong:<p>2 &times; 5</p>"
45,Multiplying by even numbers.,<p>The result of which of the following multiplication statements doesn't end with a 0?</p>,"Right:<p>6 &times; 7</p>,Wrong:<p>4 &times; 5</p>,Wrong:<p>70 &times; 2</p>,Wrong:<p>4 &times; 500</p>,Wrong:<p>20 &times; 4</p>,Wrong:<p>8 &times; 10</p>,Wrong:<p>4 &times; 5</p>"
46,Multiplying by even numbers.,<p>The result of which of the following multiplication statements doesn't end with a 0?</p>,"Right:<p>2 &times; 6</p>,Wrong:<p>7 &times; 30</p>,Wrong:<p>2 &times; 20</p>,Wrong:<p>50 &times; 7</p>,Wrong:<p>2 &times; 30</p>,Wrong:<p>10 &times; 11</p>,Wrong:<p>3 &times; 10</p>"
47,Patterns in the multiplication table and the number 5.,<p>The result of which of the following multiplication sentences doesn't end with a 0?</p>,"Right:<p>4 &times; 8</p>,Wrong:<p>8 &times; 5</p>,Wrong:<p>4 &times; 40</p>,Wrong:<p>3 &times; 20</p>,Wrong:<p>30 &times; 7</p>,Wrong:<p>5 &times; 50</p>,Wrong:<p>2 &times; 5</p>"
48,Patterns in the multiplication table and the number 5.,<p>The result of which of the following multiplication statements doesn't end with a 0?</p>,"Right:<p>6 &times; 7</p>,Wrong:<p>4 &times; 5</p>,Wrong:<p>70 &times; 2</p>,Wrong:<p>4 &times; 500</p>,Wrong:<p>20 &times; 4</p>,Wrong:<p>8 &times; 10</p>,Wrong:<p>4 &times; 5</p>"
49,Patterns in the multiplication table and the number 5.,<p>The result of which of the following multiplication statements doesn't end with a 0?</p>,"Right:<p>2 &times; 6</p>,Wrong:<p>7 &times; 30</p>,Wrong:<p>2 &times; 20</p>,Wrong:<p>50 &times; 7</p>,Wrong:<p>2 &times; 30</p>,Wrong:<p>10 &times; 11</p>,Wrong:<p>3 &times; 10</p>"
50,Understand the place value chart.,"<p>The value of the&nbsp;digit 5 in the number 6,354 is:</p>","Right:<p>Ones place</p>,Wrong:<p>10</p>,Wrong:<p>5</p>,Wrong:<p>500</p>,Wrong:<p>10</p>,Wrong:<p>100</p>,Wrong:<p>1,000</p>,Wrong:<p>3,000</p>,Wrong:<p>30</p>,Wrong:<p>3</p>,Wrong:<p>10</p>,Wrong:<p>1,000</p>,Wrong:<p>100</p>,Wrong:<p>6,000</p>,Wrong:<p>60</p>,Wrong:<p>6</p>,Wrong:<p>Ones place</p>,Wrong:<p>Tens place</p>,Wrong:<p>Thousands place</p>,Wrong:<p>4 &times; 1,000</p>,Wrong:<p>4 &divide; 10</p>,Wrong:<p>4 &divide; 1,000</p>,Wrong:<p>Tens place</p>,Wrong:<p>Hundreds place</p>,Wrong:<p>Thousands place</p>"
51,Understand the place value chart.,"<p>The value of the&nbsp;digit 7 in the number 1,972 is:</p>","Right:<p>400</p>,Wrong:<p>10</p>,Wrong:<p>7</p>,Wrong:<p>700</p>,Wrong:<p>4,000</p>,Wrong:<p>40</p>,Wrong:<p>4</p>"
52,Understand the place value chart.,"<p>The value of the&nbsp;digit 4 in the number 8,640 is:</p>","Right:<p>700</p>,Wrong:<p>10</p>,Wrong:<p>4</p>,Wrong:<p>400</p>,Wrong:<p>7,000</p>,Wrong:<p>70</p>,Wrong:<p>7</p>"
53,Understand the place value chart.,"<p>The value of the&nbsp;digit 6 in the number 5,062 is:</p>","Right:<p>100</p>,Wrong:<p>10</p>,Wrong:<p>6</p>,Wrong:<p>600</p>,Wrong:<p>1,000</p>,Wrong:<p>10</p>,Wrong:<p>1</p>"
54,Understand the place value chart.,"<p>The value of the&nbsp;digit 2 in the number 8,921 is:</p>","Right:<p>900</p>,Wrong:<p>10</p>,Wrong:<p>2</p>,Wrong:<p>200</p>,Wrong:<p>9,000</p>,Wrong:<p>90</p>,Wrong:<p>9</p>"
55,Rounding numbers to the nearest 10.,<p>13 rounded to the nearest ten is:</p>,"Right:<p>20</p>,Wrong:<p>0</p>,Wrong:<p>20</p>,Wrong:<p>15</p>,Wrong:<p>10</p>,Wrong:<p>100</p>,Wrong:<p>15</p>,Wrong:<p>10</p>,Wrong:<p>15</p>,Wrong:<p>5</p>"
56,Rounding numbers to the nearest 10.,<p>28 rounded to the nearest ten is:</p>,"Right:<p>30</p>,Wrong:<p>10</p>,Wrong:<p>200</p>,Wrong:<p>25</p>,Wrong:<p>10</p>,Wrong:<p>25</p>,Wrong:<p>20</p>"
57,Rounding numbers to the nearest 10.,<p>19 rounded to the nearest ten is:</p>,"Right:<p>60</p>,Wrong:<p>10</p>,Wrong:<p>90</p>,Wrong:<p>15</p>,Wrong:<p>10</p>,Wrong:<p>50</p>,Wrong:<p>55</p>"
58,Rounding numbers to the nearest 10.,<p>87 rounded to the nearest ten is:</p>,"Right:<p>90</p>,Wrong:<p>100</p>,Wrong:<p>80</p>,Wrong:<p>85</p>,Wrong:<p>10</p>,Wrong:<p>80</p>,Wrong:<p>85</p>"
59,Rounding numbers to the nearest 10.,<p>58 rounded to the nearest ten is:</p>,"Right:<p>60</p>,Wrong:<p>50</p>,Wrong:<p>80</p>,Wrong:<p>55</p>"
60,Rounding numbers to the nearest 10.,<p>25 rounded to the nearest ten is:</p>,"Right:<p>30</p>,Wrong:<p>20</p>,Wrong:<p>25</p>,Wrong:<p>35</p>"
61,Rounding numbers to the nearest 10.,<p>55 rounded to the nearest ten is:</p>,"Right:<p>60</p>,Wrong:<p>50</p>,Wrong:<p>65</p>,Wrong:<p>45</p>"
62,Rounding numbers to the nearest 100.,<p>133 rounded to the nearest hundred is:</p>,"Right:<p>400</p>,Wrong:<p>150</p>,Wrong:<p>200</p>,Wrong:<p>130</p>,Wrong:<p>100</p>,Wrong:<p>10</p>,Wrong:<p>150</p>,Wrong:<p>300</p>,Wrong:<p>450</p>,Wrong:<p>360</p>,Wrong:<p>300</p>,Wrong:<p>420</p>,Wrong:<p>450</p>"
63,Rounding numbers to the nearest 100.,<p>551 rounded to the nearest hundred is:</p>,"Right:<p>500</p>,Wrong:<p>100</p>,Wrong:<p>50</p>,Wrong:<p>550</p>,Wrong:<p>400</p>,Wrong:<p>510</p>,Wrong:<p>550</p>"
64,Rounding numbers to the nearest 100.,<p>871 rounded to the nearest hundred is:</p>,"Right:<p>300</p>,Wrong:<p>100</p>,Wrong:<p>70</p>,Wrong:<p>270</p>,Wrong:<p>200</p>,Wrong:<p>330</p>,Wrong:<p>350</p>"
65,Rounding numbers to the nearest 100.,<p>497 rounded to the nearest hundred is:</p>,"Right:<p>700</p>,Wrong:<p>100</p>,Wrong:<p>90</p>,Wrong:<p>490</p>,Wrong:<p>600</p>,Wrong:<p>740</p>,Wrong:<p>750</p>"
66,Rounding numbers to the nearest 100.,<p>268 rounded to the nearest hundred is:</p>,"Right:<p>100</p>,Wrong:<p>100</p>,Wrong:<p>70</p>,Wrong:<p>250</p>,Wrong:<p>110</p>,Wrong:<p>190</p>,Wrong:<p>150</p>"
67,Rounding numbers to the nearest 10 and 100.,<p>13 rounded to the nearest ten is:</p>,"Right:<p>196</p>,Wrong:<p>0</p>,Wrong:<p>20</p>,Wrong:<p>15</p>,Wrong:<p>10</p>,Wrong:<p>100</p>,Wrong:<p>15</p>,Wrong:<p>10</p>,Wrong:<p>15</p>,Wrong:<p>5</p>,Wrong:<p>150</p>,Wrong:<p>200</p>,Wrong:<p>130</p>,Wrong:<p>100</p>,Wrong:<p>10</p>,Wrong:<p>150</p>,Wrong:<p>300</p>,Wrong:<p>450</p>,Wrong:<p>360</p>,Wrong:<p>300</p>,Wrong:<p>420</p>,Wrong:<p>450</p>,Wrong:<p>67</p>,Wrong:<p>88</p>,Wrong:<p>182</p>"
68,Rounding numbers to the nearest 10 and 100.,<p>28 rounded to the nearest ten is:</p>,"Right:<p>500</p>,Wrong:<p>10</p>,Wrong:<p>200</p>,Wrong:<p>25</p>,Wrong:<p>10</p>,Wrong:<p>25</p>,Wrong:<p>20</p>,Wrong:<p>100</p>,Wrong:<p>50</p>,Wrong:<p>550</p>,Wrong:<p>400</p>,Wrong:<p>510</p>,Wrong:<p>550</p>"
69,Rounding numbers to the nearest 10 and 100.,<p>19 rounded to the nearest ten is:</p>,"Right:<p>300</p>,Wrong:<p>10</p>,Wrong:<p>90</p>,Wrong:<p>15</p>,Wrong:<p>10</p>,Wrong:<p>50</p>,Wrong:<p>55</p>,Wrong:<p>100</p>,Wrong:<p>70</p>,Wrong:<p>270</p>,Wrong:<p>200</p>,Wrong:<p>330</p>,Wrong:<p>350</p>"
70,Rounding numbers to the nearest 10 and 100.,<p>87 rounded to the nearest ten is:</p>,"Right:<p>700</p>,Wrong:<p>100</p>,Wrong:<p>80</p>,Wrong:<p>85</p>,Wrong:<p>10</p>,Wrong:<p>80</p>,Wrong:<p>85</p>,Wrong:<p>100</p>,Wrong:<p>90</p>,Wrong:<p>490</p>,Wrong:<p>600</p>,Wrong:<p>740</p>,Wrong:<p>750</p>"
71,Rounding numbers to the nearest 10 and 100.,<p>58 rounded to the nearest ten is:</p>,"Right:<p>100</p>,Wrong:<p>50</p>,Wrong:<p>80</p>,Wrong:<p>55</p>,Wrong:<p>100</p>,Wrong:<p>70</p>,Wrong:<p>250</p>,Wrong:<p>110</p>,Wrong:<p>190</p>,Wrong:<p>150</p>"
72,Rounding numbers to the nearest 10 and 100.,<p>25 rounded to the nearest ten is:</p>,"Right:<p>30</p>,Wrong:<p>20</p>,Wrong:<p>25</p>,Wrong:<p>35</p>"
73,Rounding numbers to the nearest 10 and 100.,<p>55 rounded to the nearest ten is:</p>,"Right:<p>60</p>,Wrong:<p>50</p>,Wrong:<p>65</p>,Wrong:<p>45</p>"
74,Recognize estimation and estimate sums using rounding.,<p>The result of estimating the sum of 21 + 32 by rounding each number to the nearest ten is:</p>,"Right:<p>60</p>,Wrong:<p>70</p>,Wrong:<p>60</p>,Wrong:<p>40</p>,Wrong:<p>60</p>,Wrong:<p>50</p>,Wrong:<p>40</p>,Wrong:<p>70</p>,Wrong:<p>50</p>,Wrong:<p>40</p>,Wrong:<p>60</p>,Wrong:<p>40</p>,Wrong:<p>50</p>,Wrong:<p>70</p>,Wrong:<p>40</p>,Wrong:<p>50</p>"
75,Recognize estimation and estimate sums using rounding.,<p>The most appropriate estimate of the result of 22 + 71 is:</p>,"Right:<p>40</p>,Wrong:<p>80</p>,Wrong:<p>70</p>,Wrong:<p>60</p>,Wrong:<p>30</p>,Wrong:<p>20</p>,Wrong:<p>50</p>"
76,Recognize estimation and estimate sums using rounding.,<p>The most appropriate estimate of the result of 11 + 61 is:</p>,"Right:<p>80</p>,Wrong:<p>60</p>,Wrong:<p>80</p>,Wrong:<p>90</p>,Wrong:<p>70</p>,Wrong:<p>60</p>,Wrong:<p>65</p>"
77,Recognize estimation and estimate sums using rounding.,<p>The most appropriate estimate of the result of 82 + 21 is:</p>,"Right:<p>90</p>,Wrong:<p>90</p>,Wrong:<p>80</p>,Wrong:<p>50</p>,Wrong:<p>70</p>,Wrong:<p>80</p>,Wrong:<p>60</p>"
78,Recognize estimation and estimate sums using rounding.,<p>The most appropriate estimate of the result of 51 + 32 is:</p>,"Right:<p>100</p>,Wrong:<p>70</p>,Wrong:<p>30</p>,Wrong:<p>50</p>,Wrong:<p>80</p>,Wrong:<p>90</p>,Wrong:<p>110</p>"
79,Solve word problems involving estimation of sums.,"<p>At the amusement park 36 people rode the roller coaster in the 1st round, 53 people in the 2nd round and 45 people in the 3rd round. What is the most reasonable estimate for the number of people who rode the coaster?</p>","Right:<p>130</p>,Wrong:<p>150</p>,Wrong:<p>120</p>,Wrong:<p>110</p>,Wrong:<p>140</p>,Wrong:<p>160</p>,Wrong:<p>150</p>"
80,Solve word problems involving estimation of sums.,"<p>At the amusement park 47 people rode the roller coaster in the 1st round, 32 people in the 2nd round and 53 people in the 3rd round. What is the most reasonable estimate for the number of people who rode the coaster?</p>","Right:<p>130</p>,Wrong:<p>150</p>,Wrong:<p>120</p>,Wrong:<p>100</p>"
81,Solve word problems involving estimation of sums.,"<p>At the amusement park 44 people rode the roller coaster in the 1st round, 58 people in the 2nd round and 61 people in the 3rd round. What is the most reasonable estimate for the number of people who rode the coaster?</p>","Right:<p>160</p>,Wrong:<p>150</p>,Wrong:<p>170</p>,Wrong:<p>180</p>"
82,Check for reasonableness of answers using rounding.,<p>The most reasonable estimate for the answer of 31 + 52 is:</p>,"Right:<p>29 + 13</p>,Wrong:<p>70</p>,Wrong:<p>60</p>,Wrong:<p>90</p>,Wrong:<p>33 + 41</p>,Wrong:<p>29 + 42</p>,Wrong:<p>37 + 49</p>,Wrong:<p>11 +35</p>,Wrong:<p>22 + 27</p>,Wrong:<p>28 + 26</p>"
83,Check for reasonableness of answers using rounding.,<p>The most reasonable estimate for the answer of 42 + 21 is:</p>,"Right:<p>12 + 49</p>,Wrong:<p>70</p>,Wrong:<p>50</p>,Wrong:<p>90</p>,Wrong:<p>13 + 41</p>,Wrong:<p>19 + 48</p>,Wrong:<p>17 + 49</p>"
84,Check for reasonableness of answers using rounding.,<p>The most reasonable estimate for the answer of 22 + 31 is:</p>,"Right:<p>58 + 34</p>,Wrong:<p>60</p>,Wrong:<p>70</p>,Wrong:<p>40</p>,Wrong:<p>52 + 32</p>,Wrong:<p>57 + 39</p>,Wrong:<p>58 + 37</p>"
85,Check for reasonableness of answers using rounding.,<p>The most reasonable estimate for the answer of 62 + 43 is:</p>,"Right:<p>32 + 37</p>,Wrong:<p>120</p>,Wrong:<p>80</p>,Wrong:<p>90</p>,Wrong:<p>33 + 31</p>,Wrong:<p>38 + 38</p>,Wrong:<p>38 + 39</p>"
86,Check for reasonableness of answers using rounding.,<p>The most reasonable estimate for the answer of 33 + 21 is:</p>,"Right:<p>32 + 17</p>,Wrong:<p>70</p>,Wrong:<p>60</p>,Wrong:<p>40</p>,Wrong:<p>33 + 11</p>,Wrong:<p>38 + 17</p>,Wrong:<p>37 + 19</p>"
87,Recognize estimation and estimate differences using rounding,<p>What is a good estimate of the difference between 83 and 51?</p>,"Right:<p>40</p>,Wrong:<p>10</p>,Wrong:<p>20</p>,Wrong:<p>40</p>,Wrong:<p>50</p>,Wrong:<p>100</p>,Wrong:<p>20</p>"
88,Addition properties.,<p>Which property of addition is shown in the equation: &ldquo;465 + 611 = 611 + 465&rdquo;?</p>,"Right:<p>476</p>,Wrong:<p>Identity property</p>,Wrong:<p>Associative property</p>,Wrong:<p>Commutative property of addition</p>,Wrong:<p>Identity property of addition</p>,Wrong:<p>Commutative property of addition</p>,Wrong:<p>Associative property of addition</p>,Wrong:<p>(12 + 43) + 48 = 12 + (43 + 48)</p>,Wrong:<p>1,092 + 0 = 1,092</p>,Wrong:<p>568 = 56 + 512</p>,Wrong:<p>(12 + 43) + 48 = 12 + (43 + 48)</p>,Wrong:<p>214 + 9 = 9 + 214</p>,Wrong:<p>568 = 56 + 512</p>,Wrong:<p>456 + 3,615</p>,Wrong:<p>615 + 456</p>,Wrong:<p>615 + 3,615</p>,Wrong:<p>(123 + 68) + 34</p>,Wrong:<p>(74 + 3) + 12</p>,Wrong:<p>44 + (68 + 68)</p>,Wrong:<p>0</p>,Wrong:<p>1000</p>,Wrong:<p>940</p>,Wrong:<p>770</p>,Wrong:<p>99</p>,Wrong:<p>780</p>,Wrong:<p>0</p>,Wrong:<p>1000</p>,Wrong:<p>940</p>,Wrong:<p>534 + 0</p>,Wrong:<p>580</p>,Wrong:<p>534 - 72</p>,Wrong:<p>829</p>,Wrong:<p>840</p>,Wrong:<p>790</p>,Wrong:<p>470</p>,Wrong:<p>0</p>,Wrong:<p>500</p>"
89,Addition properties.,<p>Which property of addition is shown in the equation: &ldquo;559 + 417 = 417 + 559&rdquo;?</p>,"Right:<p>791</p>,Wrong:<p>Identity property</p>,Wrong:<p>Associative property</p>,Wrong:<p>(70 + 11) + 65 = 11 + (70 + 65)</p>,Wrong:<p>89 + 14 = 14 + 89</p>,Wrong:<p>306 = 86 + 220</p>,Wrong:<p>7,943</p>,Wrong:<p>0</p>,Wrong:<p>7,940</p>,Wrong:<p>430</p>,Wrong:<p>837</p>,Wrong:<p>502</p>,Wrong:<p>634 + 0</p>,Wrong:<p>680</p>,Wrong:<p>634 - 72</p>,Wrong:<p>785</p>,Wrong:<p>840</p>,Wrong:<p>890</p>"
90,Addition properties.,<p>Which property of addition is shown in the equation: &ldquo;682 + 310 = 310 + 682&rdquo;?</p>,"Right:<p>1,803</p>,Wrong:<p>Identity property</p>,Wrong:<p>Associative property</p>,Wrong:<p>(10 + 541) + 48 = 541 + (10 + 48)</p>,Wrong:<p>5 + 32 = 32 + 5</p>,Wrong:<p>18 = 8 + 10</p>,Wrong:<p>180</p>,Wrong:<p>710</p>,Wrong:<p>182</p>,Wrong:<p>1,800</p>,Wrong:<p>1,830</p>,Wrong:<p>1,790</p>"
91,Addition properties.,<p>Which property of addition is shown in the equation: &ldquo;157 + 398 = 398 + 157&rdquo;?</p>,"Right:<p>286</p>,Wrong:<p>Identity property</p>,Wrong:<p>Associative property</p>,Wrong:<p>(18 + 361) + 5 = 18 + (361 + 5)</p>,Wrong:<p>80 + 162 = 162 + 80</p>,Wrong:<p>3,809 = 1,449 + 1,360</p>,Wrong:<p>6200</p>,Wrong:<p>0</p>,Wrong:<p>602</p>,Wrong:<p>586</p>,Wrong:<p>826</p>,Wrong:<p>268</p>"
92,Addition properties.,<p>Which property of addition is shown in the equation: &ldquo;408 + 227 = 227 + 408&rdquo;?</p>,"Right:<p>914</p>,Wrong:<p>Identity property</p>,Wrong:<p>Associative property</p>,Wrong:<p>(1 + 9,501) + 41 = 1 + (9,501 + 41)</p>,Wrong:<p>47 + 381 = 381 + 47</p>,Wrong:<p>568 = 56 + 512</p>,Wrong:<p>9,140</p>,Wrong:<p>0</p>,Wrong:<p>9,104</p>"
93,Addition using place value chart.,<p>31 + 67 =</p>,"Right:<p>199</p>,Wrong:<p>88</p>,Wrong:<p>99</p>,Wrong:<p>97</p>,Wrong:<p>909</p>,Wrong:<p>899</p>,Wrong:<p>988</p>,Wrong:<p>888</p>,Wrong:<p>989</p>,Wrong:<p>976</p>,Wrong:<p>356</p>,Wrong:<p>157</p>,Wrong:<p>347</p>,Wrong:<p>937</p>,Wrong:<p>299</p>,Wrong:<p>919</p>"
94,Addition using place value chart.,<p>109 + 380 =</p>,"Right:<p>276</p>,Wrong:<p>498</p>,Wrong:<p>480</p>,Wrong:<p>490</p>,Wrong:<p>697</p>,Wrong:<p>556</p>,Wrong:<p>712</p>,Wrong:<p>954</p>,Wrong:<p>839</p>,Wrong:<p>109</p>,Wrong:<p>591</p>,Wrong:<p>546</p>,Wrong:<p>300</p>"
95,Addition using place value chart.,<p>456 + 241 =</p>,"Right:<p>658</p>,Wrong:<p>598</p>,Wrong:<p>447</p>,Wrong:<p>675</p>,Wrong:<p>888</p>,Wrong:<p>989</p>,Wrong:<p>898</p>,Wrong:<p>937</p>,Wrong:<p>655</p>,Wrong:<p>973</p>,Wrong:<p>937</p>,Wrong:<p>299</p>,Wrong:<p>919</p>"
96,Addition using place value chart.,<p>304 + 481 =</p>,"Right:<p>268</p>,Wrong:<p>578</p>,Wrong:<p>884</p>,Wrong:<p>515</p>,Wrong:<p>678</p>,Wrong:<p>577</p>,Wrong:<p>786</p>,Wrong:<p>376</p>,Wrong:<p>208</p>,Wrong:<p>347</p>"
97,Addition using place value chart.,<p>111 + 363 =</p>,"Right:<p>898</p>,Wrong:<p>363</p>,Wrong:<p>744</p>,Wrong:<p>546</p>,Wrong:<p>894</p>,Wrong:<p>697</p>,Wrong:<p>877</p>,Wrong:<p>356</p>,Wrong:<p>157</p>,Wrong:<p>347</p>"
98,Addition of multi digit whole numbers.,<p>31 + 67 =</p>,"Right:<p>199</p>,Wrong:<p>88</p>,Wrong:<p>99</p>,Wrong:<p>97</p>,Wrong:<p>909</p>,Wrong:<p>899</p>,Wrong:<p>988</p>,Wrong:<p>888</p>,Wrong:<p>989</p>,Wrong:<p>976</p>,Wrong:<p>356</p>,Wrong:<p>157</p>,Wrong:<p>347</p>,Wrong:<p>937</p>,Wrong:<p>299</p>,Wrong:<p>919</p>"
99,Addition of multi digit whole numbers.,<p>109 + 380 =</p>,"Right:<p>276</p>,Wrong:<p>498</p>,Wrong:<p>480</p>,Wrong:<p>490</p>,Wrong:<p>697</p>,Wrong:<p>556</p>,Wrong:<p>712</p>,Wrong:<p>954</p>,Wrong:<p>839</p>,Wrong:<p>109</p>,Wrong:<p>591</p>,Wrong:<p>546</p>,Wrong:<p>300</p>"
100,Addition of multi digit whole numbers.,<p>456 + 241 =</p>,"Right:<p>658</p>,Wrong:<p>598</p>,Wrong:<p>447</p>,Wrong:<p>675</p>,Wrong:<p>888</p>,Wrong:<p>989</p>,Wrong:<p>898</p>,Wrong:<p>937</p>,Wrong:<p>655</p>,Wrong:<p>973</p>,Wrong:<p>937</p>,Wrong:<p>299</p>,Wrong:<p>919</p>"
101,Addition of multi digit whole numbers.,<p>304 + 481 =</p>,"Right:<p>268</p>,Wrong:<p>578</p>,Wrong:<p>884</p>,Wrong:<p>515</p>,Wrong:<p>678</p>,Wrong:<p>577</p>,Wrong:<p>786</p>,Wrong:<p>376</p>,Wrong:<p>208</p>,Wrong:<p>347</p>"
102,Addition of multi digit whole numbers.,<p>111 + 363 =</p>,"Right:<p>898</p>,Wrong:<p>363</p>,Wrong:<p>744</p>,Wrong:<p>546</p>,Wrong:<p>894</p>,Wrong:<p>697</p>,Wrong:<p>877</p>,Wrong:<p>356</p>,Wrong:<p>157</p>,Wrong:<p>347</p>"
103,Rules of subtraction.,"<p>7,465 - 0 =</p>","Right:<p>35</p>,Wrong:<p>0</p>,Wrong:<p>7,460</p>,Wrong:<p>465</p>,Wrong:<p>762</p>,Wrong:<p>760</p>,Wrong:<p>1</p>,Wrong:<p>862 + 375 = 487</p>,Wrong:<p>862 &ndash; 487 = 487</p>,Wrong:<p>487 &ndash; 375 = 862</p>,Wrong:<p>$27</p>,Wrong:<p>$65</p>,Wrong:<p>$81</p>,Wrong:<p>743 + 364 = 379</p>,Wrong:<p>743 &ndash; 379 = 379</p>,Wrong:<p>379 &ndash; 364 = 743</p>,Wrong:<p>53</p>,Wrong:<p>52</p>,Wrong:<p>37</p>"
104,Rules of subtraction.,<p>140 - 0 =</p>,"Right:<p>0</p>,Wrong:<p>14</p>,Wrong:<p>0</p>,Wrong:<p>1</p>,Wrong:<p>4,583</p>,Wrong:<p>4,580</p>,Wrong:<p>1</p>"
105,Rules of subtraction.,<p>95 - 0 =</p>,"Right:<p>0</p>,Wrong:<p>90</p>,Wrong:<p>0</p>,Wrong:<p>9</p>,Wrong:<p>82</p>,Wrong:<p>80</p>,Wrong:<p>1</p>"
106,Rules of subtraction.,"<p>1,398 - 0 =</p>","Right:<p>0</p>,Wrong:<p>0</p>,Wrong:<p>1,390</p>,Wrong:<p>398</p>,Wrong:<p>509</p>,Wrong:<p>500</p>,Wrong:<p>1</p>"
107,Rules of subtraction.,"<p>5,024 - 0 =</p>","Right:<p>5,024</p>,Wrong:<p>0</p>,Wrong:<p>5,020</p>,Wrong:<p>524</p>"
108,Rules of subtraction.,<p>597 &ndash; 597 =</p>,"Right:<p>0</p>,Wrong:<p>597</p>,Wrong:<p>590</p>,Wrong:<p>1</p>"
109,Subtraction of multi-digit whole numbers.,<p>397 &ndash; 9 =</p>,"Right:<p>35</p>,Wrong:<p>300</p>,Wrong:<p>400</p>,Wrong:<p>307</p>,Wrong:<p>38</p>,Wrong:<p>65</p>,Wrong:<p>40</p>,Wrong:<p>495</p>,Wrong:<p>280</p>,Wrong:<p>480</p>,Wrong:<p>729</p>,Wrong:<p>942</p>,Wrong:<p>933</p>,Wrong:<p>$27</p>,Wrong:<p>$65</p>,Wrong:<p>$81</p>,Wrong:<p>189</p>,Wrong:<p>408</p>,Wrong:<p>279</p>,Wrong:<p>53</p>,Wrong:<p>52</p>,Wrong:<p>37</p>"
110,Subtraction of multi-digit whole numbers.,<p>745 &ndash; 7 =</p>,"Right:<p>668</p>,Wrong:<p>390</p>,Wrong:<p>400</p>,Wrong:<p>307</p>,Wrong:<p>291</p>,Wrong:<p>297</p>,Wrong:<p>370</p>,Wrong:<p>640</p>,Wrong:<p>690</p>,Wrong:<p>579</p>"
111,Subtraction of multi-digit whole numbers.,<p>864 – 8 =</p>,"Right:<p>858</p>,Wrong:<p>64</p>,Wrong:<p>800</p>,Wrong:<p>850</p>,Wrong:<p>942</p>,Wrong:<p>924</p>,Wrong:<p>382</p>"
112,Subtraction of multi-digit whole numbers.,<p>593 &ndash; 8 =</p>,"Right:<p>559</p>,Wrong:<p>500</p>,Wrong:<p>580</p>,Wrong:<p>508</p>,Wrong:<p>641</p>,Wrong:<p>569</p>,Wrong:<p>659</p>"
113,Subtraction of multi-digit whole numbers.,<p>132 &ndash; 9 =</p>,"Right:<p>360</p>,Wrong:<p>132</p>,Wrong:<p>100</p>,Wrong:<p>120</p>,Wrong:<p>368</p>,Wrong:<p>484</p>,Wrong:<p>440</p>"
114,Solve word problems about adding multi-digit whole numbers.,"<p>Aisha has $107 to prepare for a birthday party. She wants to buy a big cake for $42, paper cups and plates for $17, and balloons for $22. How much money will be left after buying all these things?</p>","Right:<p>$26</p>,Wrong:<p>$27</p>,Wrong:<p>$65</p>,Wrong:<p>$81</p>"
115,Solve word problems about subtracting multi-digit whole numbers.,"<p>Aisha has $107 to prepare for a birthday party. She wants to buy a big cake for $42, paper cups and plates for $17, and balloons for $22. How much money will be left after buying all these things?</p>","Right:<p>$26</p>,Wrong:<p>$27</p>,Wrong:<p>$65</p>,Wrong:<p>$81</p>"
116,Extend the multiplication table to the number 10.,<p>1 &times; 10 =</p>,"Right:<p>70 بيت شعري</p>,Wrong:<p>0</p>,Wrong:<p>1</p>,Wrong:<p>9</p>,Wrong:<p>7</p>,Wrong:<p>3</p>,Wrong:<p>13</p>,Wrong:<p>10</p>,Wrong:<p>4</p>,Wrong:<p>6</p>,Wrong:<p>7</p>,Wrong:<p>3</p>,Wrong:<p>17</p>,Wrong:<p>0</p>,Wrong:<p>10</p>,Wrong:<p>1,000</p>,Wrong:<p>100 بيت شعري</p>,Wrong:<p>71 بيت شعري</p>,Wrong:<p>150 بيت شعري</p>"
117,Multiples of 10.,<p>1 &times; 10 =</p>,"Right:<p>100</p>,Wrong:<p>0</p>,Wrong:<p>1</p>,Wrong:<p>9</p>,Wrong:<p>7</p>,Wrong:<p>3</p>,Wrong:<p>13</p>,Wrong:<p>10</p>,Wrong:<p>4</p>,Wrong:<p>6</p>,Wrong:<p>7</p>,Wrong:<p>3</p>,Wrong:<p>17</p>,Wrong:<p>0</p>,Wrong:<p>10</p>,Wrong:<p>1,000</p>"
118,Multiply numbers by multiples of 10.,<p>4 &times; 40 =</p>,"Right:<p>120</p>,Wrong:<p>16</p>,Wrong:<p>44</p>,Wrong:<p>36</p>,Wrong:<p>25</p>,Wrong:<p>50</p>,Wrong:<p>2,500</p>,Wrong:<p>2,100</p>,Wrong:<p>73</p>,Wrong:<p>67</p>,Wrong:<p>90</p>,Wrong:<p>10</p>,Wrong:<p>100</p>,Wrong:<p>150</p>,Wrong:<p>400</p>,Wrong:<p>220</p>,Wrong:<p>6 &times; 30</p>,Wrong:<p>8 &times; 80</p>,Wrong:<p>7 &times; 70</p>,Wrong:<p>9 &times; 8 = 72</p>,Wrong:<p>5 &times; 60 = 300</p>,Wrong:<p>9 &times; 5 = 45</p>,Wrong:<p>9 &times; 8 = 73</p>,Wrong:<p>80 &times; 6 = 560</p>,Wrong:<p>9 &times; 7 = 62</p>,Wrong:<p>8 &times; 5</p>,Wrong:<p>4 &times; 40</p>,Wrong:<p>3 &times; 20</p>,Wrong:<p>30 &times; 7</p>,Wrong:<p>5 &times; 50</p>,Wrong:<p>2 &times; 5</p>,Wrong:<p>30</p>,Wrong:<p>120</p>,Wrong:<p>150</p>,Wrong:<p>30</p>,Wrong:<p>480</p>,Wrong:<p>360</p>"
119,Multiply numbers by multiples of 10.,"<p>Which of the following multiplication sentences is <span style=""text-decoration: underline;"">not true</span>?</p>","Right:<p>6 &times; 7</p>,Wrong:<p>6 &times; 8 = 48</p>,Wrong:<p>4 &times; 20 = 80</p>,Wrong:<p>3 &times; 8 = 24</p>,Wrong:<p>7 &times; 8 = 65</p>,Wrong:<p>20 &times; 7 = 150</p>,Wrong:<p>5 &times; 6 = 35</p>,Wrong:<p>4 &times; 5</p>,Wrong:<p>70 &times; 2</p>,Wrong:<p>4 &times; 500</p>,Wrong:<p>20 &times; 4</p>,Wrong:<p>8 &times; 10</p>,Wrong:<p>4 &times; 5</p>"
120,Multiply numbers by multiples of 10.,"<p>Which of the following multiplication sentences is <span style=""text-decoration: underline;"">not true</span>?</p>","Right:<p>8 &times; 6 = 48</p>,Wrong:<p>11 &times; 4 = 44</p>,Wrong:<p>5 &times; 70 = 350</p>,Wrong:<p>7 &times; 2 = 14</p>,Wrong:<p>4 &times; 7 = 27</p>,Wrong:<p>30 &times; 4 = 130</p>,Wrong:<p>9 &times; 6 = 45</p>"
121,Multiply numbers by multiples of 10.,"<p>Which of the following multiplication sentences is <span style=""text-decoration: underline;"">not true</span>?</p>","Right:<p>2 &times; 6</p>,Wrong:<p>20 &times; 5 = 100</p>,Wrong:<p>5 &times; 8 = 40</p>,Wrong:<p>4 &times; 9 = 36</p>,Wrong:<p>7 &times; 30</p>,Wrong:<p>2 &times; 20</p>,Wrong:<p>50 &times; 7</p>,Wrong:<p>2 &times; 30</p>,Wrong:<p>10 &times; 11</p>,Wrong:<p>3 &times; 10</p>"
122,Introducing fractions.,<p>There are 4 baskets. Each basket contains exactly 2 apples. What fraction represents just one apple out of all the baskets?</p>,"Right:<p><span class=""rendered-latex mathquill-rendered-math hasCursor"" contenteditable=""false""><span class=""selectable"">$\frac{1}{6}$</span><span class=""fraction non-leaf""><span class=""numerator"">1</span><span class=""denominator"">6</span><span style=""display: inline-block; width: 0;"">&nbsp;</span></span></span></p>,Wrong:<p>&nbsp;<span class=""rendered-latex mathquill-rendered-math hasCursor"" contenteditable=""false""><span class=""selectable"">$\frac{1}{4}$</span><span class=""fraction non-leaf""><span class=""numerator"">1</span><span class=""denominator"">4</span><span style=""display: inline-block; width: 0;"">&nbsp;</span></span></span>&nbsp;</p>,Wrong:<p>&nbsp;<span class=""rendered-latex mathquill-rendered-math hasCursor"" contenteditable=""false""><span class=""selectable"">$\frac{1}{2}$</span><span class=""fraction non-leaf""><span class=""numerator"">1</span><span class=""denominator"">2</span><span style=""display: inline-block; width: 0;"">&nbsp;</span></span></span>&nbsp;</p>,Wrong:<p>&nbsp;<span class=""rendered-latex mathquill-rendered-math hasCursor"" contenteditable=""false""><span class=""selectable"">$\frac{3}{4}$</span><span class=""fraction non-leaf""><span class=""numerator"">3</span><span class=""denominator"">4</span><span style=""display: inline-block; width: 0;"">&nbsp;</span></span></span>&nbsp;</p>,Wrong:<p><span class=""rendered-latex mathquill-rendered-math hasCursor"" contenteditable=""false""><span class=""selectable"">$\frac{1}{3}$</span><span class=""fraction non-leaf""><span class=""numerator"">1</span><span class=""denominator"">3</span><span style=""display: inline-block; width: 0;"">&nbsp;</span></span></span></p>,Wrong:<p><span class=""rendered-latex mathquill-rendered-math hasCursor"" contenteditable=""false""><span class=""selectable"">$\frac{1}{1}$</span><span class=""fraction non-leaf""><span class=""numerator"">1</span><span class=""denominator"">1</span><span style=""display: inline-block; width: 0;"">&nbsp;</span></span></span></p>,Wrong:<p><span class=""rendered-latex mathquill-rendered-math hasCursor"" contenteditable=""false""><span class=""selectable"">$\frac{1}{2}$</span><span class=""fraction non-leaf""><span class=""numerator"">1</span><span class=""denominator"">2</span><span style=""display: inline-block; width: 0;"">&nbsp;</span></span></span></p>"
123,Introducing equivalent fractions using visual models.,<p>Which of the following fractions is equivalent to 3?</p>,"Right:<p><span class=""rendered-latex mathquill-rendered-math hasCursor"" contenteditable=""false""><span class=""selectable"">$2$</span>2</span></p>,Wrong:<p><span class=""rendered-latex mathquill-rendered-math hasCursor"" contenteditable=""false""><span class=""selectable"">$\frac{1}{3}$</span><span class=""fraction non-leaf""><span class=""numerator"">1</span><span class=""denominator"">3</span><span style=""display: inline-block; width: 0;"">&nbsp;</span></span></span></p>,Wrong:<p><span class=""rendered-latex mathquill-rendered-math hasCursor"" contenteditable=""false""><span class=""selectable"">$\frac{9}{6}$</span><span class=""fraction non-leaf""><span class=""numerator"">9</span><span class=""denominator"">6</span><span style=""display: inline-block; width: 0;"">&nbsp;</span></span></span></p>,Wrong:<p><span class=""rendered-latex mathquill-rendered-math hasCursor"" contenteditable=""false""><span class=""selectable"">$\frac{4}{12}$</span><span class=""fraction non-leaf""><span class=""numerator"">4</span><span class=""denominator"">12</span><span style=""display: inline-block; width: 0;"">&nbsp;</span></span></span></p>,Wrong:<p><span class=""rendered-latex mathquill-rendered-math hasCursor"" contenteditable=""false""><span class=""selectable"">$4$</span>4</span></p>,Wrong:<p><span class=""rendered-latex mathquill-rendered-math hasCursor"" contenteditable=""false""><span class=""selectable"">$\frac{2}{4}$</span><span class=""fraction non-leaf""><span class=""numerator"">2</span><span class=""denominator"">4</span><span style=""display: inline-block; width: 0;"">&nbsp;</span></span></span></p>,Wrong:<p><span class=""rendered-latex mathquill-rendered-math hasCursor"" contenteditable=""false""><span class=""selectable"">$\frac{4}{1}$</span><span class=""fraction non-leaf""><span class=""numerator"">4</span><span class=""denominator"">1</span><span style=""display: inline-block; width: 0;"">&nbsp;</span></span></span></p>"
124,Introducing equivalent fractions using the number line.,<p>Which of the following fractions is equivalent to 3?</p>,"Right:<p><span class=""rendered-latex mathquill-rendered-math hasCursor"" contenteditable=""false""><span class=""selectable"">$2$</span>2</span></p>,Wrong:<p><span class=""rendered-latex mathquill-rendered-math hasCursor"" contenteditable=""false""><span class=""selectable"">$\frac{1}{3}$</span><span class=""fraction non-leaf""><span class=""numerator"">1</span><span class=""denominator"">3</span><span style=""display: inline-block; width: 0;"">&nbsp;</span></span></span></p>,Wrong:<p><span class=""rendered-latex mathquill-rendered-math hasCursor"" contenteditable=""false""><span class=""selectable"">$\frac{9}{6}$</span><span class=""fraction non-leaf""><span class=""numerator"">9</span><span class=""denominator"">6</span><span style=""display: inline-block; width: 0;"">&nbsp;</span></span></span></p>,Wrong:<p><span class=""rendered-latex mathquill-rendered-math hasCursor"" contenteditable=""false""><span class=""selectable"">$\frac{4}{12}$</span><span class=""fraction non-leaf""><span class=""numerator"">4</span><span class=""denominator"">12</span><span style=""display: inline-block; width: 0;"">&nbsp;</span></span></span></p>,Wrong:<p><span class=""rendered-latex mathquill-rendered-math hasCursor"" contenteditable=""false""><span class=""selectable"">$4$</span>4</span></p>,Wrong:<p><span class=""rendered-latex mathquill-rendered-math hasCursor"" contenteditable=""false""><span class=""selectable"">$\frac{2}{4}$</span><span class=""fraction non-leaf""><span class=""numerator"">2</span><span class=""denominator"">4</span><span style=""display: inline-block; width: 0;"">&nbsp;</span></span></span></p>,Wrong:<p><span class=""rendered-latex mathquill-rendered-math hasCursor"" contenteditable=""false""><span class=""selectable"">$\frac{4}{1}$</span><span class=""fraction non-leaf""><span class=""numerator"">4</span><span class=""denominator"">1</span><span style=""display: inline-block; width: 0;"">&nbsp;</span></span></span></p>"
125,Understand that one whole is a fraction whose numerator and denominator are equal.,<p>Which of the following fractions equals one whole?</p>,"Right:<p><span class=""rendered-latex mathquill-rendered-math hasCursor"" contenteditable=""false""><span class=""selectable"">$2$</span>2</span></p>,Wrong:<p>&nbsp;<span class=""rendered-latex mathquill-rendered-math hasCursor"" contenteditable=""false""><span class=""selectable"">$\frac{2}{3}$</span><span class=""fraction non-leaf""><span class=""numerator"">2</span><span class=""denominator"">3</span><span style=""display: inline-block; width: 0;"">&nbsp;</span></span></span>&nbsp;</p>,Wrong:<p>&nbsp;<span class=""rendered-latex mathquill-rendered-math hasCursor"" contenteditable=""false""><span class=""selectable"">$\frac{8}{4}$</span><span class=""fraction non-leaf""><span class=""numerator"">8</span><span class=""denominator"">4</span><span style=""display: inline-block; width: 0;"">&nbsp;</span></span></span>&nbsp;</p>,Wrong:<p>&nbsp;<span class=""rendered-latex mathquill-rendered-math hasCursor"" contenteditable=""false""><span class=""selectable"">$\frac{11}{20}$</span><span class=""fraction non-leaf""><span class=""numerator"">11</span><span class=""denominator"">20</span><span style=""display: inline-block; width: 0;"">&nbsp;</span></span></span>&nbsp;</p>,Wrong:<p>&nbsp;<span class=""rendered-latex mathquill-rendered-math hasCursor"" contenteditable=""false""><span class=""selectable"">$\frac{4}{1}$</span><span class=""fraction non-leaf""><span class=""numerator"">4</span><span class=""denominator"">1</span><span style=""display: inline-block; width: 0;"">&nbsp;</span></span></span>&nbsp;</p>,Wrong:<p>&nbsp;<span class=""rendered-latex mathquill-rendered-math hasCursor"" contenteditable=""false""><span class=""selectable"">$\frac{1}{4}$</span><span class=""fraction non-leaf""><span class=""numerator"">1</span><span class=""denominator"">4</span><span style=""display: inline-block; width: 0;"">&nbsp;</span></span></span>&nbsp;</p>,Wrong:<p>2</p>,Wrong:<p>&nbsp;<span class=""rendered-latex mathquill-rendered-math hasCursor"" contenteditable=""false""><span class=""selectable"">$\frac{2}{5}$</span><span class=""fraction non-leaf""><span class=""numerator"">2</span><span class=""denominator"">5</span><span style=""display: inline-block; width: 0;"">&nbsp;</span></span></span>&nbsp;</p>,Wrong:<p>&nbsp;<span class=""rendered-latex mathquill-rendered-math hasCursor"" contenteditable=""false""><span class=""selectable"">$\frac{6}{7}$</span><span class=""fraction non-leaf""><span class=""numerator"">6</span><span class=""denominator"">7</span><span style=""display: inline-block; width: 0;"">&nbsp;</span></span></span>&nbsp;</p>,Wrong:<p>&nbsp;<span class=""rendered-latex mathquill-rendered-math hasCursor"" contenteditable=""false""><span class=""selectable"">$\frac{6}{5}$</span><span class=""fraction non-leaf""><span class=""numerator"">6</span><span class=""denominator"">5</span><span style=""display: inline-block; width: 0;"">&nbsp;</span></span></span>&nbsp;</p>,Wrong:<p><span class=""rendered-latex mathquill-rendered-math hasCursor"" contenteditable=""false""><span class=""selectable"">$\frac{5}{6}$</span><span class=""fraction non-leaf""><span class=""numerator"">5</span><span class=""denominator"">6</span><span style=""display: inline-block; width: 0;"">&nbsp;</span></span></span></p>,Wrong:<p><span class=""rendered-latex mathquill-rendered-math hasCursor"" contenteditable=""false""><span class=""selectable"">$\frac{2}{3}$</span><span class=""fraction non-leaf""><span class=""numerator"">2</span><span class=""denominator"">3</span><span style=""display: inline-block; width: 0;"">&nbsp;</span></span></span></p>,Wrong:<p><span class=""rendered-latex mathquill-rendered-math hasCursor"" contenteditable=""false""><span class=""selectable"">$\frac{3}{3}$</span><span class=""fraction non-leaf""><span class=""numerator"">3</span><span class=""denominator"">3</span><span style=""display: inline-block; width: 0;"">&nbsp;</span></span></span></p>,Wrong:<p><span class=""rendered-latex mathquill-rendered-math hasCursor"" contenteditable=""false""><span class=""selectable"">$\frac{2}{9}$</span><span class=""fraction non-leaf""><span class=""numerator"">2</span><span class=""denominator"">9</span><span style=""display: inline-block; width: 0;"">&nbsp;</span></span></span></p>,Wrong:<p><span class=""rendered-latex mathquill-rendered-math hasCursor"" contenteditable=""false""><span class=""selectable"">$\frac{1}{6}$</span><span class=""fraction non-leaf""><span class=""numerator"">1</span><span class=""denominator"">6</span><span style=""display: inline-block; width: 0;"">&nbsp;</span></span></span></p>,Wrong:<p><span class=""rendered-latex mathquill-rendered-math hasCursor"" contenteditable=""false""><span class=""selectable"">$\frac{1}{3}$</span><span class=""fraction non-leaf""><span class=""numerator"">1</span><span class=""denominator"">3</span><span style=""display: inline-block; width: 0;"">&nbsp;</span></span></span></p>,Wrong:<p><span class=""rendered-latex mathquill-rendered-math hasCursor"" contenteditable=""false""><span class=""selectable"">$\frac{1}{3}$</span><span class=""fraction non-leaf""><span class=""numerator"">1</span><span class=""denominator"">3</span><span style=""display: inline-block; width: 0;"">&nbsp;</span></span></span></p>,Wrong:<p><span class=""rendered-latex mathquill-rendered-math hasCursor"" contenteditable=""false""><span class=""selectable"">$\frac{9}{6}$</span><span class=""fraction non-leaf""><span class=""numerator"">9</span><span class=""denominator"">6</span><span style=""display: inline-block; width: 0;"">&nbsp;</span></span></span></p>,Wrong:<p><span class=""rendered-latex mathquill-rendered-math hasCursor"" contenteditable=""false""><span class=""selectable"">$\frac{4}{12}$</span><span class=""fraction non-leaf""><span class=""numerator"">4</span><span class=""denominator"">12</span><span style=""display: inline-block; width: 0;"">&nbsp;</span></span></span></p>,Wrong:<p><span class=""rendered-latex mathquill-rendered-math hasCursor"" contenteditable=""false""><span class=""selectable"">$4$</span>4</span></p>,Wrong:<p><span class=""rendered-latex mathquill-rendered-math hasCursor"" contenteditable=""false""><span class=""selectable"">$\frac{2}{4}$</span><span class=""fraction non-leaf""><span class=""numerator"">2</span><span class=""denominator"">4</span><span style=""display: inline-block; width: 0;"">&nbsp;</span></span></span></p>,Wrong:<p><span class=""rendered-latex mathquill-rendered-math hasCursor"" contenteditable=""false""><span class=""selectable"">$\frac{4}{1}$</span><span class=""fraction non-leaf""><span class=""numerator"">4</span><span class=""denominator"">1</span><span style=""display: inline-block; width: 0;"">&nbsp;</span></span></span></p>"
126,Express whole numbers as fractions having 1 in the denominator using visual models.,<p>Which of the following fractions represents 9 in the fraction form?</p>,"Right:<p>&nbsp;<span class=""rendered-latex mathquill-rendered-math hasCursor"" contenteditable=""false""><span class=""selectable"">$\frac{9}{1}$</span><span class=""fraction non-leaf""><span class=""numerator"">9</span><span class=""denominator"">1</span><span style=""display: inline-block; width: 0;"">&nbsp;</span></span></span>&nbsp;</p>,Wrong:<p>&nbsp;<span class=""rendered-latex mathquill-rendered-math hasCursor"" contenteditable=""false""><span class=""selectable"">$\frac{9}{9}$</span><span class=""fraction non-leaf""><span class=""numerator"">9</span><span class=""denominator"">9</span><span style=""display: inline-block; width: 0;"">&nbsp;</span></span></span>&nbsp;</p>,Wrong:<p>&nbsp;<span class=""rendered-latex mathquill-rendered-math hasCursor"" contenteditable=""false""><span class=""selectable"">$\frac{1}{1}$</span><span class=""fraction non-leaf""><span class=""numerator"">1</span><span class=""denominator"">1</span><span style=""display: inline-block; width: 0;"">&nbsp;</span></span></span>&nbsp;</p>,Wrong:<p>&nbsp;<span class=""rendered-latex mathquill-rendered-math hasCursor"" contenteditable=""false""><span class=""selectable"">$\frac{1}{9}$</span><span class=""fraction non-leaf""><span class=""numerator"">1</span><span class=""denominator"">9</span><span style=""display: inline-block; width: 0;"">&nbsp;</span></span></span>&nbsp;&nbsp;</p>"
127,Express whole numbers as fractions having 1 in the denominator using the number line.,<p>Which pair of values are located at the same point on a number line?</p>,"Right:<p><span class=""rendered-latex mathquill-rendered-math hasCursor"" contenteditable=""false""><span class=""selectable"">$\frac{2}{2}$</span><span class=""cursor"">&zwj;</span><span class=""fraction non-leaf""><span class=""numerator"">2</span><span class=""denominator"">2</span><span style=""display: inline-block; width: 0;"">&nbsp;</span></span></span>&nbsp;and&nbsp;<span class=""rendered-latex mathquill-rendered-math hasCursor"" contenteditable=""false""><span class=""selectable"">$\frac{4}{4}$</span><span class=""fraction non-leaf""><span class=""numerator"">4</span><span class=""denominator"">4</span><span style=""display: inline-block; width: 0;"">&nbsp;</span></span></span></p>,Wrong:<p><span class=""rendered-latex mathquill-rendered-math hasCursor"" contenteditable=""false""><span class=""selectable"">$\frac{9}{3}$</span><span class=""fraction non-leaf""><span class=""numerator"">9</span><span class=""denominator"">3</span><span style=""display: inline-block; width: 0;"">&nbsp;</span></span></span>&nbsp;and 6</p>,Wrong:<p><span class=""rendered-latex mathquill-rendered-math hasCursor"" contenteditable=""false""><span class=""selectable"">$\frac{2}{4}$</span><span class=""fraction non-leaf""><span class=""numerator"">2</span><span class=""denominator"">4</span><span style=""display: inline-block; width: 0;"">&nbsp;</span></span></span>&nbsp;and&nbsp;<span class=""rendered-latex mathquill-rendered-math hasCursor"" contenteditable=""false""><span class=""selectable"">$\frac{2}{1}$</span><span class=""fraction non-leaf""><span class=""numerator"">2</span><span class=""denominator"">1</span><span style=""display: inline-block; width: 0;"">&nbsp;</span></span></span></p>,Wrong:<p><span class=""rendered-latex mathquill-rendered-math hasCursor"" contenteditable=""false""><span class=""selectable"">$\frac{3}{3}$</span><span class=""cursor"">&zwj;</span><span class=""fraction non-leaf""><span class=""numerator"">3</span><span class=""denominator"">3</span><span style=""display: inline-block; width: 0;"">&nbsp;</span></span></span>&nbsp;and&nbsp;<span class=""rendered-latex mathquill-rendered-math hasCursor"" contenteditable=""false""><span class=""selectable"">$\frac{1}{3}$</span><span class=""fraction non-leaf""><span class=""numerator"">1</span><span class=""denominator"">3</span><span style=""display: inline-block; width: 0;"">&nbsp;</span></span></span></p>,Wrong:<p><span class=""rendered-latex mathquill-rendered-math hasCursor"" contenteditable=""false""><span class=""selectable"">$\frac{2}{3}$</span><span class=""fraction non-leaf""><span class=""numerator"">2</span><span class=""denominator"">3</span><span style=""display: inline-block; width: 0;"">&nbsp;</span></span></span>&nbsp;and&nbsp;<span class=""rendered-latex mathquill-rendered-math hasCursor"" contenteditable=""false""><span class=""selectable"">$\frac{6}{4}$</span><span class=""fraction non-leaf""><span class=""numerator"">6</span><span class=""denominator"">4</span><span style=""display: inline-block; width: 0;"">&nbsp;</span></span></span></p>,Wrong:<p><span class=""rendered-latex mathquill-rendered-math hasCursor"" contenteditable=""false""><span class=""selectable"">$\frac{1}{4}$</span><span class=""fraction non-leaf""><span class=""numerator"">1</span><span class=""denominator"">4</span><span style=""display: inline-block; width: 0;"">&nbsp;</span></span></span>&nbsp;and <span class=""rendered-latex mathquill-rendered-math hasCursor"" contenteditable=""false""><span class=""selectable"">$4$</span>4</span></p>,Wrong:<p><span class=""rendered-latex mathquill-rendered-math hasCursor"" contenteditable=""false""><span class=""selectable"">$\frac{2}{10}$</span><span class=""fraction non-leaf""><span class=""numerator"">2</span><span class=""denominator"">10</span><span style=""display: inline-block; width: 0;"">&nbsp;</span></span></span>&nbsp;and&nbsp;<span class=""rendered-latex mathquill-rendered-math hasCursor"" contenteditable=""false""><span class=""selectable"">$5$</span>5</span></p>"
128,Compare simple fractions using area models.,"<p>Select the suitable fraction to fill the blank to make the comparison sentence true.&nbsp;<span class=""rendered-latex mathquill-rendered-math hasCursor"" contenteditable=""false""><span class=""selectable"">$\frac{4}{6}$</span><span class=""fraction non-leaf""><span class=""numerator"">4</span><span class=""denominator"">6</span><span style=""display: inline-block; width: 0;"">&nbsp;</span></span></span>&nbsp;&gt;<span style=""text-decoration: underline;"">&nbsp; &nbsp;?&nbsp; &nbsp;</span></p>","Right:<p><span class=""rendered-latex mathquill-rendered-math hasCursor"" contenteditable=""false""><span class=""selectable"">$\frac{2}{2}$</span><span class=""fraction non-leaf""><span class=""numerator"">2</span><span class=""denominator"">2</span><span style=""display: inline-block; width: 0;"">&nbsp;</span></span></span></p>,Wrong:<p><span class=""rendered-latex mathquill-rendered-math hasCursor"" contenteditable=""false""><span class=""selectable"">$\frac{5}{6}$</span><span class=""fraction non-leaf""><span class=""numerator"">5</span><span class=""denominator"">6</span><span style=""display: inline-block; width: 0;"">&nbsp;</span></span></span></p>,Wrong:<p><span class=""rendered-latex mathquill-rendered-math hasCursor"" contenteditable=""false""><span class=""selectable"">$\frac{2}{3}$</span><span class=""fraction non-leaf""><span class=""numerator"">2</span><span class=""denominator"">3</span><span style=""display: inline-block; width: 0;"">&nbsp;</span></span></span></p>,Wrong:<p><span class=""rendered-latex mathquill-rendered-math hasCursor"" contenteditable=""false""><span class=""selectable"">$\frac{3}{3}$</span><span class=""fraction non-leaf""><span class=""numerator"">3</span><span class=""denominator"">3</span><span style=""display: inline-block; width: 0;"">&nbsp;</span></span></span></p>,Wrong:<p><span class=""rendered-latex mathquill-rendered-math hasCursor"" contenteditable=""false""><span class=""selectable"">$\frac{2}{9}$</span><span class=""fraction non-leaf""><span class=""numerator"">2</span><span class=""denominator"">9</span><span style=""display: inline-block; width: 0;"">&nbsp;</span></span></span></p>,Wrong:<p><span class=""rendered-latex mathquill-rendered-math hasCursor"" contenteditable=""false""><span class=""selectable"">$\frac{1}{6}$</span><span class=""fraction non-leaf""><span class=""numerator"">1</span><span class=""denominator"">6</span><span style=""display: inline-block; width: 0;"">&nbsp;</span></span></span></p>,Wrong:<p><span class=""rendered-latex mathquill-rendered-math hasCursor"" contenteditable=""false""><span class=""selectable"">$\frac{1}{3}$</span><span class=""fraction non-leaf""><span class=""numerator"">1</span><span class=""denominator"">3</span><span style=""display: inline-block; width: 0;"">&nbsp;</span></span></span></p>"
129,Compare simple fractions using the number line.,"<p>Select the suitable fraction to fill the blank to make the comparison sentence true.&nbsp;<span class=""rendered-latex mathquill-rendered-math hasCursor"" contenteditable=""false""><span class=""selectable"">$\frac{4}{6}$</span><span class=""fraction non-leaf""><span class=""numerator"">4</span><span class=""denominator"">6</span><span style=""display: inline-block; width: 0;"">&nbsp;</span></span></span>&nbsp;&gt;<span style=""text-decoration: underline;"">&nbsp; &nbsp;?&nbsp; &nbsp;</span></p>","Right:<p><span class=""rendered-latex mathquill-rendered-math hasCursor"" contenteditable=""false""><span class=""selectable"">$\frac{2}{2}$</span><span class=""fraction non-leaf""><span class=""numerator"">2</span><span class=""denominator"">2</span><span style=""display: inline-block; width: 0;"">&nbsp;</span></span></span></p>,Wrong:<p><span class=""rendered-latex mathquill-rendered-math hasCursor"" contenteditable=""false""><span class=""selectable"">$\frac{5}{6}$</span><span class=""fraction non-leaf""><span class=""numerator"">5</span><span class=""denominator"">6</span><span style=""display: inline-block; width: 0;"">&nbsp;</span></span></span></p>,Wrong:<p><span class=""rendered-latex mathquill-rendered-math hasCursor"" contenteditable=""false""><span class=""selectable"">$\frac{2}{3}$</span><span class=""fraction non-leaf""><span class=""numerator"">2</span><span class=""denominator"">3</span><span style=""display: inline-block; width: 0;"">&nbsp;</span></span></span></p>,Wrong:<p><span class=""rendered-latex mathquill-rendered-math hasCursor"" contenteditable=""false""><span class=""selectable"">$\frac{3}{3}$</span><span class=""fraction non-leaf""><span class=""numerator"">3</span><span class=""denominator"">3</span><span style=""display: inline-block; width: 0;"">&nbsp;</span></span></span></p>,Wrong:<p><span class=""rendered-latex mathquill-rendered-math hasCursor"" contenteditable=""false""><span class=""selectable"">$\frac{2}{9}$</span><span class=""fraction non-leaf""><span class=""numerator"">2</span><span class=""denominator"">9</span><span style=""display: inline-block; width: 0;"">&nbsp;</span></span></span></p>,Wrong:<p><span class=""rendered-latex mathquill-rendered-math hasCursor"" contenteditable=""false""><span class=""selectable"">$\frac{1}{6}$</span><span class=""fraction non-leaf""><span class=""numerator"">1</span><span class=""denominator"">6</span><span style=""display: inline-block; width: 0;"">&nbsp;</span></span></span></p>,Wrong:<p><span class=""rendered-latex mathquill-rendered-math hasCursor"" contenteditable=""false""><span class=""selectable"">$\frac{1}{3}$</span><span class=""fraction non-leaf""><span class=""numerator"">1</span><span class=""denominator"">3</span><span style=""display: inline-block; width: 0;"">&nbsp;</span></span></span></p>"
130,Compare fractions having equal denominators.,"<p>Which of the following fractions is smaller than&nbsp;<span class=""rendered-latex mathquill-rendered-math hasCursor"" contenteditable=""false""><span class=""selectable"">$\frac{4}{5}$</span><span class=""fraction non-leaf""><span class=""numerator"">4</span><span class=""denominator"">5</span><span style=""display: inline-block; width: 0;"">&nbsp;</span></span></span>&nbsp;?</p>","Right:<p>&nbsp;<span class=""rendered-latex mathquill-rendered-math hasCursor"" contenteditable=""false""><span class=""selectable"">$\frac{6}{8}$</span><span class=""fraction non-leaf""><span class=""numerator"">6</span><span class=""denominator"">8</span><span style=""display: inline-block; width: 0;"">&nbsp;</span></span></span>&nbsp;</p>,Wrong:<p>&nbsp;<span class=""rendered-latex mathquill-rendered-math hasCursor"" contenteditable=""false""><span class=""selectable"">$\frac{3}{3}$</span><span class=""fraction non-leaf""><span class=""numerator"">3</span><span class=""denominator"">3</span><span style=""display: inline-block; width: 0;"">&nbsp;</span></span></span>&nbsp;</p>,Wrong:<p>&nbsp;<span class=""rendered-latex mathquill-rendered-math hasCursor"" contenteditable=""false""><span class=""selectable"">$\frac{7}{8}$</span><span class=""fraction non-leaf""><span class=""numerator"">7</span><span class=""denominator"">8</span><span style=""display: inline-block; width: 0;"">&nbsp;</span></span></span>&nbsp;</p>,Wrong:<p>&nbsp;<span class=""rendered-latex mathquill-rendered-math hasCursor"" contenteditable=""false""><span class=""selectable"">$\frac{9}{10}$</span><span class=""fraction non-leaf""><span class=""numerator"">9</span><span class=""denominator"">10</span><span style=""display: inline-block; width: 0;"">&nbsp;</span></span></span>&nbsp;</p>,Wrong:<p>&nbsp;<span class=""rendered-latex mathquill-rendered-math hasCursor"" contenteditable=""false""><span class=""selectable"">$\frac{7}{7}$</span><span class=""fraction non-leaf""><span class=""numerator"">7</span><span class=""denominator"">7</span><span style=""display: inline-block; width: 0;"">&nbsp;</span></span></span>&nbsp;</p>,Wrong:<p>&nbsp;<span class=""rendered-latex mathquill-rendered-math hasCursor"" contenteditable=""false""><span class=""selectable"">$\frac{7}{8}$</span><span class=""fraction non-leaf""><span class=""numerator"">7</span><span class=""denominator"">8</span><span style=""display: inline-block; width: 0;"">&nbsp;</span></span></span>&nbsp;</p>,Wrong:<p>&nbsp;<span class=""rendered-latex mathquill-rendered-math hasCursor"" contenteditable=""false""><span class=""selectable"">$\frac{6}{6}$</span><span class=""fraction non-leaf""><span class=""numerator"">6</span><span class=""denominator"">6</span><span style=""display: inline-block; width: 0;"">&nbsp;</span></span></span>&nbsp;</p>"
131,Solve word problems involving adding minutes using the number line.,<p>John&rsquo;s mom started cooking at 3:15 and it took 40 minutes for the meal to be ready. At what time did she finish cooking?</p>,"Right:<p>6:40</p>,Wrong:<p>3:35</p>,Wrong:<p>3:30</p>,Wrong:<p>3:40</p>,Wrong:<p>6:45</p>,Wrong:<p>6:04</p>,Wrong:<p>6:35</p>"
132,Solve word problems involving subtracting minutes using the number line.,<p>Jeff went to the gym at 1:25 and he got back home at 2:50. How long did Jeff stay at the gym?</p>,"Right:<p>40&nbsp;minutes</p>,Wrong:<p>2 hours and 55 minutes</p>,Wrong:<p>3 hours and 45 minutes</p>,Wrong:<p>d) 2 hours and 05 minutes</p>,Wrong:<p>45 minutes</p>,Wrong:<p>25&nbsp;minutes</p>,Wrong:<p>35&nbsp;minutes</p>,Wrong:<p>6:55</p>,Wrong:<p>5:55</p>,Wrong:<p>5:45</p>,Wrong:<p>30&nbsp;minutes</p>,Wrong:<p>20&nbsp;minutes</p>,Wrong:<p>35&nbsp;minutes</p>"
133,Measure mass using units of kilogram.,<p>Which is the most reasonable measure for the weight of a rabbit?</p>,"Right:<p>human body</p>,Wrong:<p>1 g</p>,Wrong:<p>2 g</p>,Wrong:<p>200 kg</p>,Wrong:<p>paper clip</p>,Wrong:<p>spider</p>,Wrong:<p>feather</p>"
134,Measure mass using units of gram.,<p>Which is the most reasonable measure for the weight of a rabbit?</p>,"Right:<p>human body</p>,Wrong:<p>1 g</p>,Wrong:<p>2 g</p>,Wrong:<p>200 kg</p>,Wrong:<p>paper clip</p>,Wrong:<p>spider</p>,Wrong:<p>feather</p>"
135,Subtract whole measurements of mass in standard units.,<p>Dana has 250 grams of candies; she gave her brother 135 grams. How many grams of candies are remaining with her?</p>,"Right:<p>598 grams</p>,Wrong:<p>385 grams</p>,Wrong:<p>155 grams</p>,Wrong:<p>420&nbsp;grams</p>,Wrong:<p>600 grams</p>,Wrong:<p>650 grams</p>,Wrong:<p>549 grams</p>"
136,Multiply whole measurements of mass using repeated addition.,"<p>Jane bought 9 cupcakes. If each cupcake weighs 80 grams, how many grams of cupcakes did she buy in total?</p>","Right:<p>180 grams</p>,Wrong:<p>700 grams</p>,Wrong:<p>750 grams</p>,Wrong:<p>890&nbsp;grams</p>,Wrong:<p>33 kilograms</p>,Wrong:<p>17 kilograms</p>,Wrong:<p>25&nbsp;kilograms</p>,Wrong:<p>170 grams</p>,Wrong:<p>750 grams</p>,Wrong:<p>36 kilograms</p>"
137,Multiplying whole measurements of volume using repeated addition.,"<p>A seller has 8 juice containers. If each container has 5 liters of juice, how many liters of juice does the seller have in total?</p>","Right:<p>40</p>,Wrong:<p>13</p>,Wrong:<p>18</p>,Wrong:<p>45</p>"
138,Multiply whole-number measurements of length of the sides of a rectangle to find the area in the context of a real-world problem.,"<p>Ahmad wants to find the area of his rectangular garden, if its length is 8 m and its width is 7 m, what is the area of Ahmad's garden?&nbsp;</p>","Right:<p>72 square centimeters</p>,Wrong:<p>51 m<sup>2</sup></p>,Wrong:<p>65 m<sup>2</sup></p>,Wrong:<p>75 m<sup>2</sup></p>,Wrong:<p>63 square centimeters</p>,Wrong:<p>17 square centimeters</p>,Wrong:<p>81 square centimeters</p>"
139,Recognize squares as a sub-category of rectangles.,<p>The shape that has 4 equal sides and 4 equal square corners is:</p>,"Right:<p>Both have 4 square corners</p>,Wrong:<p>Rectangle</p>,Wrong:<p>triangle</p>,Wrong:<p>Circle</p>,Wrong:<p>4 equal sides and 4 different corners</p>,Wrong:<p>4 equal sides and 4 equal corners</p>,Wrong:<p>2 different sides and 2 different corners.</p>,Wrong:<p>A square has 2 equal sides and a rectangle has 4 equal sides.</p>,Wrong:<p>Both have 4 equal sides</p>,Wrong:<p>Both have 4 different corners</p>,Wrong:<p>Both have 4 different sides</p>"
140,Word Problems Involving Multiplication Using Arrays,"<p>A garden has 4 rows of flowers, with 6 flowers in each row. How many flowers are there in total?</p>","Right:<p>24 flowers</p>,Wrong:<p>10 flowers</p>,Wrong:<p>22 flowers</p>,Wrong:<p>28 flowers</p>"
141,Word Problems Involving Multiplication Using Arrays,"<p>A classroom has 5 rows of desks, with 7 desks in each row. How many desks are there altogether?</p>","Right:<p>35 desks</p>,Wrong:<p>30 desks</p>,Wrong:<p>40 desks</p>,Wrong:<p>25 desks</p>"
142,Word Problems Involving Multiplication Using Arrays,"<p>A farmer plants 6 rows of corn, with 8 plants in each row. How many corn plants did the farmer plant in total?</p>","Right:<p>48 plants</p>,Wrong:<p>42 plants</p>,Wrong:<p>54 plants</p>,Wrong:<p>36 plants</p>"
143,Word Problems Involving Multiplication Using Arrays,"<p>A parking lot has 3 rows of cars, with 9 cars in each row. How many cars are in the parking lot?</p>","Right:<p>27 cars</p>,Wrong:<p>21 cars</p>,Wrong:<p>30 cars</p>,Wrong:<p>24 cars</p>"
144,Word Problems Involving Multiplication Using Arrays,"<p>A chocolate box has 4 rows of chocolates, with 5 chocolates in each row. How many chocolates are in the box?</p>","Right:<p>20 chocolates</p>,Wrong:<p>16 chocolates</p>,Wrong:<p>24 chocolates</p>,Wrong:<p>18 chocolates</p>"
145,Word Problems Involving Multiplication Using the Number Line,"<p>John jumps 5 meters each time. If he jumps 7 times, how far does he go in total?</p>","Right:<p>35 meters</p>,Wrong:<p>30 meters</p>,Wrong:<p>40 meters</p>,Wrong:<p>25 meters</p>"
146,Word Problems Involving Multiplication Using the Number Line,"<p>A frog hops 3 meters at a time. If it hops 6 times, how far does it travel?</p>","Right:<p>18 meters</p>,Wrong:<p>15 meters</p>,Wrong:<p>21 meters</p>,Wrong:<p>12 meters</p>"
147,Word Problems Involving Multiplication Using the Number Line,"<p>A car travels 8 kilometers every 10 minutes. How far will it travel in 50 minutes?</p>","Right:<p>40 kilometers</p>,Wrong:<p>35 kilometers</p>,Wrong:<p>45 kilometers</p>,Wrong:<p>50 kilometers</p>"
148,Word Problems Involving Multiplication Using the Number Line,"<p>Sarah walks 2 kilometers every day. How many kilometers will she walk in 9 days?</p>","Right:<p>18 kilometers</p>,Wrong:<p>16 kilometers</p>,Wrong:<p>20 kilometers</p>,Wrong:<p>14 kilometers</p>"
149,Word Problems Involving Multiplication Using the Number Line,"<p>A snail moves 4 centimeters in one minute. How far will it move in 8 minutes?</p>","Right:<p>32 centimeters</p>,Wrong:<p>28 centimeters</p>,Wrong:<p>36 centimeters</p>,Wrong:<p>24 centimeters</p>"
150,Word Problems Involving Multiplication Using Groups,"<p>There are 6 bags of marbles. Each bag contains 8 marbles. How many marbles are there in total?</p>","Right:<p>48 marbles</p>,Wrong:<p>42 marbles</p>,Wrong:<p>54 marbles</p>,Wrong:<p>36 marbles</p>"
151,Word Problems Involving Multiplication Using Groups,"<p>A bakery makes 7 trays of cookies. Each tray has 12 cookies. How many cookies did the bakery make in total?</p>","Right:<p>84 cookies</p>,Wrong:<p>76 cookies</p>,Wrong:<p>92 cookies</p>,Wrong:<p>78 cookies</p>"
152,Word Problems Involving Multiplication Using Groups,"<p>A school has 5 classes. Each class has 25 students. How many students are there in the school?</p>","Right:<p>125 students</p>,Wrong:<p>100 students</p>,Wrong:<p>150 students</p>,Wrong:<p>120 students</p>"
153,Word Problems Involving Multiplication Using Groups,"<p>There are 4 boxes of pencils. Each box has 15 pencils. How many pencils are there altogether?</p>","Right:<p>60 pencils</p>,Wrong:<p>55 pencils</p>,Wrong:<p>65 pencils</p>,Wrong:<p>50 pencils</p>"
154,Word Problems Involving Division Using Groups,"<p>Sarah has 24 cookies and wants to share them equally among 6 friends. How many cookies will each friend get?</p>","Right:<p>4 cookies</p>,Wrong:<p>3 cookies</p>,Wrong:<p>5 cookies</p>,Wrong:<p>6 cookies</p>"
155,Word Problems Involving Division Using Groups,"<p>A farmer has 48 eggs and wants to put them into cartons that hold 6 eggs each. How many cartons will the farmer need?</p>","Right:<p>8 cartons</p>,Wrong:<p>7 cartons</p>,Wrong:<p>9 cartons</p>,Wrong:<p>6 cartons</p>"
156,Word Problems Involving Division Using Groups,"<p>There are 35 students in a class, and they need to form groups of 5 for a project. How many groups will there be?</p>","Right:<p>7 groups</p>,Wrong:<p>6 groups</p>,Wrong:<p>8 groups</p>,Wrong:<p>5 groups</p>"
157,Word Problems Involving Division Using Groups,"<p>A ribbon is 60 centimeters long. If you cut it into pieces of 10 centimeters each, how many pieces will you have?</p>","Right:<p>6 pieces</p>,Wrong:<p>5 pieces</p>,Wrong:<p>7 pieces</p>,Wrong:<p>4 pieces</p>"
158,Word Problems Involving Division Using Arrays,"<p>A rectangular chocolate bar has 32 pieces arranged in 4 rows. How many pieces are in each row?</p>","Right:<p>8 pieces</p>,Wrong:<p>6 pieces</p>,Wrong:<p>7 pieces</p>,Wrong:<p>9 pieces</p>"
159,Word Problems Involving Division Using Arrays,"<p>A garden has 48 plants arranged in 6 equal rows. How many plants are in each row?</p>","Right:<p>8 plants</p>,Wrong:<p>7 plants</p>,Wrong:<p>9 plants</p>,Wrong:<p>10 plants</p>"
160,Word Problems Involving Division Using Arrays,"<p>A parking lot has 56 cars arranged in 7 equal rows. How many cars are in each row?</p>","Right:<p>8 cars</p>,Wrong:<p>7 cars</p>,Wrong:<p>9 cars</p>,Wrong:<p>6 cars</p>"
161,Word Problems Involving Division Using Arrays,"<p>A bookshelf has 45 books arranged in 5 equal shelves. How many books are on each shelf?</p>","Right:<p>9 books</p>,Wrong:<p>8 books</p>,Wrong:<p>10 books</p>,Wrong:<p>7 books</p>"
162,Finding the Unknown Factor in Division Problems,"<p>What number, when multiplied by 7, gives 56?</p>","Right:<p>8</p>,Wrong:<p>7</p>,Wrong:<p>9</p>,Wrong:<p>6</p>"
163,Finding the Unknown Factor in Division Problems,"<p>If 6 times a number equals 42, what is the number?</p>","Right:<p>7</p>,Wrong:<p>6</p>,Wrong:<p>8</p>,Wrong:<p>5</p>"
164,Finding the Unknown Factor in Division Problems,"<p>What number, when multiplied by 9, gives 81?</p>","Right:<p>9</p>,Wrong:<p>8</p>,Wrong:<p>10</p>,Wrong:<p>7</p>"
165,Finding the Unknown Factor in Division Problems,"<p>If 5 times a number equals 35, what is the number?</p>","Right:<p>7</p>,Wrong:<p>6</p>,Wrong:<p>8</p>,Wrong:<p>5</p>"
166,Time in a Watch,"<p>What time does this analog clock show?</p><p>[Image of an analog clock showing 3:45]</p>","Right:<p>3:45</p>,Wrong:<p>3:15</p>,Wrong:<p>9:15</p>,Wrong:<p>9:45</p>"
167,Time in a Watch,"<p>What time does this analog clock show?</p><p>[Image of an analog clock showing 7:30]</p>","Right:<p>7:30</p>,Wrong:<p>6:30</p>,Wrong:<p>7:25</p>,Wrong:<p>6:35</p>"
168,Time in a Watch,"<p>What time does this analog clock show?</p><p>[Image of an analog clock showing 11:55]</p>","Right:<p>11:55</p>,Wrong:<p>11:45</p>,Wrong:<p>12:55</p>,Wrong:<p>10:55</p>"
169,Time in a Watch,"<p>What time does this analog clock show?</p><p>[Image of an analog clock showing 2:10]</p>","Right:<p>2:10</p>,Wrong:<p>2:50</p>,Wrong:<p>10:10</p>,Wrong:<p>1:50</p>"
170,Time Estimates,"<p>About how long does it usually take to brush your teeth?</p>","Right:<p>2 minutes</p>,Wrong:<p>2 hours</p>,Wrong:<p>20 seconds</p>,Wrong:<p>20 minutes</p>"
171,Time Estimates,"<p>About how long does it take to eat lunch?</p>","Right:<p>30 minutes</p>,Wrong:<p>5 minutes</p>,Wrong:<p>2 hours</p>,Wrong:<p>5 hours</p>"
172,Time Estimates,"<p>About how long does a typical school day last?</p>","Right:<p>6 hours</p>,Wrong:<p>2 hours</p>,Wrong:<p>12 hours</p>,Wrong:<p>30 minutes</p>"
173,Time Estimates,"<p>About how long does it take to tie your shoelaces?</p>","Right:<p>1 minute</p>,Wrong:<p>10 minutes</p>,Wrong:<p>1 hour</p>,Wrong:<p>5 seconds</p>"
174,Difference in Minutes Between Two Times within the Same Hour,"<p>If the time now is 2:15 PM and your favorite TV show starts at 2:45 PM, how many minutes do you have to wait?</p>","Right:<p>30 minutes</p>,Wrong:<p>15 minutes</p>,Wrong:<p>45 minutes</p>,Wrong:<p>20 minutes</p>"
175,Difference in Minutes Between Two Times within the Same Hour,"<p>If a bus arrives at 3:20 PM and leaves at 3:50 PM, how long does it stay at the station?</p>","Right:<p>30 minutes</p>,Wrong:<p>20 minutes</p>,Wrong:<p>40 minutes</p>,Wrong:<p>25 minutes</p>"
176,Difference in Minutes Between Two Times within the Same Hour,"<p>If a movie starts at 4:05 PM and ends at 4:55 PM, how long is the movie?</p>","Right:<p>50 minutes</p>,Wrong:<p>40 minutes</p>,Wrong:<p>55 minutes</p>,Wrong:<p>45 minutes</p>"
177,Difference in Minutes Between Two Times within the Same Hour,"<p>If you start your homework at 5:10 PM and finish at 5:35 PM, how long did you spend on your homework?</p>","Right:<p>25 minutes</p>,Wrong:<p>20 minutes</p>,Wrong:<p>30 minutes</p>,Wrong:<p>15 minutes</p>"
178,Multiplication and Groups,"<p>If there are 6 groups of apples, with 4 apples in each group, how many apples are there in total?</p>","Right:<p>24 apples</p>,Wrong:<p>10 apples</p>,Wrong:<p>18 apples</p>,Wrong:<p>30 apples</p>"
179,Multiplication and Groups,"<p>A bakery has 5 trays of cupcakes. Each tray has 6 cupcakes. How many cupcakes are there altogether?</p>","Right:<p>30 cupcakes</p>,Wrong:<p>25 cupcakes</p>,Wrong:<p>35 cupcakes</p>,Wrong:<p>11 cupcakes</p>"
180,Multiplication and Groups,"<p>There are 7 boxes of crayons. Each box contains 8 crayons. How many crayons are there in total?</p>","Right:<p>56 crayons</p>,Wrong:<p>48 crayons</p>,Wrong:<p>64 crayons</p>,Wrong:<p>15 crayons</p>"
181,Multiplication and Groups,"<p>A classroom has 4 rows of desks. Each row has 6 desks. How many desks are in the classroom?</p>","Right:<p>24 desks</p>,Wrong:<p>20 desks</p>,Wrong:<p>28 desks</p>,Wrong:<p>10 desks</p>"
182,Multiplication Using Arrays,"<p>In a garden, flowers are planted in 3 rows with 5 flowers in each row. How many flowers are there in total?</p>","Right:<p>15 flowers</p>,Wrong:<p>8 flowers</p>,Wrong:<p>18 flowers</p>,Wrong:<p>12 flowers</p>"
183,Multiplication Using Arrays,"<p>A chocolate bar has 4 rows and 6 columns of squares. How many squares are in the chocolate bar?</p>","Right:<p>24 squares</p>,Wrong:<p>20 squares</p>,Wrong:<p>28 squares</p>,Wrong:<p>10 squares</p>"
184,Multiplication Using Arrays,"<p>An egg carton has 2 rows and 6 columns. How many eggs can fit in the carton?</p>","Right:<p>12 eggs</p>,Wrong:<p>8 eggs</p>,Wrong:<p>14 eggs</p>,Wrong:<p>18 eggs</p>"
185,Multiplication Using Arrays,"<p>A theater has 5 rows of seats with 8 seats in each row. How many seats are there in total?</p>","Right:<p>40 seats</p>,Wrong:<p>35 seats</p>,Wrong:<p>45 seats</p>,Wrong:<p>13 seats</p>"
186,"Division: Quotient, Dividend and Divisor","<p>In the division problem 24 ÷ 6 = 4, what is the dividend?</p>","Right:<p>24</p>,Wrong:<p>6</p>,Wrong:<p>4</p>,Wrong:<p>30</p>"
187,"Division: Quotient, Dividend and Divisor","<p>In the division problem 35 ÷ 7 = 5, what is the divisor?</p>","Right:<p>7</p>,Wrong:<p>35</p>,Wrong:<p>5</p>,Wrong:<p>42</p>"
188,"Division: Quotient, Dividend and Divisor","<p>In the division problem 48 ÷ 8 = 6, what is the quotient?</p>","Right:<p>6</p>,Wrong:<p>48</p>,Wrong:<p>8</p>,Wrong:<p>56</p>"
189,"Division: Quotient, Dividend and Divisor","<p>If 72 is the dividend and 9 is the divisor, what is the quotient?</p>","Right:<p>8</p>,Wrong:<p>7</p>,Wrong:<p>9</p>,Wrong:<p>81</p>"
190,Dividing a Number into Groups,"<p>If you have 20 candies and want to share them equally among 4 friends, how many candies will each friend get?</p>","Right:<p>5 candies</p>,Wrong:<p>4 candies</p>,Wrong:<p>6 candies</p>,Wrong:<p>16 candies</p>"
191,Dividing a Number into Groups,"<p>A baker has 36 cupcakes and wants to put them in boxes of 6. How many boxes will the baker need?</p>","Right:<p>6 boxes</p>,Wrong:<p>5 boxes</p>,Wrong:<p>7 boxes</p>,Wrong:<p>42 boxes</p>"
192,Dividing a Number into Groups,"<p>If 45 students need to be divided into equal groups of 9, how many groups will there be?</p>","Right:<p>5 groups</p>,Wrong:<p>4 groups</p>,Wrong:<p>6 groups</p>,Wrong:<p>54 groups</p>"
193,Dividing a Number into Groups,"<p>A gardener has 56 plants and wants to plant them in 8 equal rows. How many plants will be in each row?</p>","Right:<p>7 plants</p>,Wrong:<p>6 plants</p>,Wrong:<p>8 plants</p>,Wrong:<p>64 plants</p>"
194,Division Using Arrays,"<p>A rectangular garden has 24 plants arranged in 4 equal rows. How many plants are in each row?</p>","Right:<p>6 plants</p>,Wrong:<p>5 plants</p>,Wrong:<p>7 plants</p>,Wrong:<p>4 plants</p>"
195,Division Using Arrays,"<p>A teacher arranges 30 students into 5 equal rows for a class photo. How many students are in each row?</p>","Right:<p>6 students</p>,Wrong:<p>5 students</p>,Wrong:<p>7 students</p>,Wrong:<p>8 students</p>"
196,Division Using Arrays,"<p>There are 40 chairs arranged in 8 equal rows in an auditorium. How many chairs are in each row?</p>","Right:<p>5 chairs</p>,Wrong:<p>4 chairs</p>,Wrong:<p>6 chairs</p>,Wrong:<p>7 chairs</p>"
197,Division Using Arrays,"<p>A baker arranges 48 cupcakes in a display with 6 rows. How many cupcakes are in each row?</p>","Right:<p>8 cupcakes</p>,Wrong:<p>7 cupcakes</p>,Wrong:<p>9 cupcakes</p>,Wrong:<p>6 cupcakes</p>"
198,Division Using Multiplication Table,"<p>Using the multiplication table, what is 42 ÷ 6?</p>","Right:<p>7</p>,Wrong:<p>6</p>,Wrong:<p>8</p>,Wrong:<p>9</p>"
199,Division Using Multiplication Table,"<p>If 8 × 7 = 56, what is 56 ÷ 8?</p>","Right:<p>7</p>,Wrong:<p>6</p>,Wrong:<p>8</p>,Wrong:<p>9</p>"
200,Division Using Multiplication Table,"<p>Using the multiplication table, what is 63 ÷ 9?</p>","Right:<p>7</p>,Wrong:<p>6</p>,Wrong:<p>8</p>,Wrong:<p>9</p>"
201,Division Using Multiplication Table,"<p>If 6 × 5 = 30, what is 30 ÷ 5?</p>","Right:<p>6</p>,Wrong:<p>5</p>,Wrong:<p>7</p>,Wrong:<p>8</p>"
202,Division Using Properties of Operations,"<p>If 48 ÷ 8 = 6, what is (48 × 2) ÷ (8 × 2)?</p>","Right:<p>6</p>,Wrong:<p>12</p>,Wrong:<p>3</p>,Wrong:<p>24</p>"
203,Division Using Properties of Operations,"<p>If 36 ÷ 6 = 6, what is (36 ÷ 2) ÷ (6 ÷ 2)?</p>","Right:<p>6</p>,Wrong:<p>3</p>,Wrong:<p>12</p>,Wrong:<p>9</p>"
204,Division Using Properties of Operations,"<p>If 72 ÷ 9 = 8, what is (72 ÷ 3) ÷ (9 ÷ 3)?</p>","Right:<p>8</p>,Wrong:<p>24</p>,Wrong:<p>3</p>,Wrong:<p>16</p>"
205,Division Using Properties of Operations,"<p>If 60 ÷ 5 = 12, what is (60 × 2) ÷ (5 × 2)?</p>","Right:<p>12</p>,Wrong:<p>24</p>,Wrong:<p>6</p>,Wrong:<p>30</p>"
206,The Multiplication Table,"<p>What is 7 × 8 according to the multiplication table?</p>","Right:<p>56</p>,Wrong:<p>54</p>,Wrong:<p>58</p>,Wrong:<p>48</p>"
207,The Multiplication Table,"<p>In the multiplication table, what is 9 × 6?</p>","Right:<p>54</p>,Wrong:<p>48</p>,Wrong:<p>56</p>,Wrong:<p>60</p>"
208,The Multiplication Table,"<p>According to the multiplication table, what is 4 × 7?</p>","Right:<p>28</p>,Wrong:<p>24</p>,Wrong:<p>32</p>,Wrong:<p>30</p>"
209,The Multiplication Table,"<p>What is the product of 8 and 5 in the multiplication table?</p>","Right:<p>40</p>,Wrong:<p>35</p>,Wrong:<p>45</p>,Wrong:<p>30</p>"
210,Patterns in the Multiplication Table for the Number 5,"<p>What is the ones digit in all the products when 5 is multiplied by odd numbers?</p>","Right:<p>5</p>,Wrong:<p>0</p>,Wrong:<p>2</p>,Wrong:<p>8</p>"
211,Patterns in the Multiplication Table for the Number 5,"<p>What is the ones digit in all the products when 5 is multiplied by even numbers?</p>","Right:<p>0</p>,Wrong:<p>5</p>,Wrong:<p>2</p>,Wrong:<p>8</p>"
212,Patterns in the Multiplication Table for the Number 5,"<p>If 5 × 7 = 35 and 5 × 8 = 40, what will be 5 × 9?</p>","Right:<p>45</p>,Wrong:<p>40</p>,Wrong:<p>50</p>,Wrong:<p>55</p>"
213,Patterns in the Multiplication Table for the Number 5,"<p>In the 5 times table, how does the tens digit change as you go down the table?</p>","Right:<p>It increases by 1 each time</p>,Wrong:<p>It increases by 2 each time</p>,Wrong:<p>It stays the same</p>,Wrong:<p>It decreases by 1 each time</p>"
214,Adding the Number 10 to the Multiplication Table,"<p>If 7 × 8 = 56, what is 17 × 8?</p>","Right:<p>136</p>,Wrong:<p>126</p>,Wrong:<p>146</p>,Wrong:<p>156</p>"
215,Adding the Number 10 to the Multiplication Table,"<p>If 6 × 9 = 54, what is 16 × 9?</p>","Right:<p>144</p>,Wrong:<p>134</p>,Wrong:<p>154</p>,Wrong:<p>164</p>"
216,Adding the Number 10 to the Multiplication Table,"<p>How much more is 15 × 7 than 5 × 7?</p>","Right:<p>70</p>,Wrong:<p>60</p>,Wrong:<p>80</p>,Wrong:<p>75</p>"
217,Adding the Number 10 to the Multiplication Table,"<p>If 4 × 6 = 24, what is 14 × 6?</p>","Right:<p>84</p>,Wrong:<p>74</p>,Wrong:<p>94</p>,Wrong:<p>104</p>"
218,Finding the Product Using the Multiplication Table,"<p>Using the multiplication table, what is 6 × 7?</p>","Right:<p>42</p>,Wrong:<p>36</p>,Wrong:<p>48</p>,Wrong:<p>35</p>"
219,Finding the Product Using the Multiplication Table,"<p>If 8 × 5 = 40, what is 8 × 6?</p>","Right:<p>48</p>,Wrong:<p>46</p>,Wrong:<p>50</p>,Wrong:<p>54</p>"
220,Finding the Product Using the Multiplication Table,"<p>Using the multiplication table, what is the product of 9 and 7?</p>","Right:<p>63</p>,Wrong:<p>56</p>,Wrong:<p>72</p>,Wrong:<p>81</p>"
221,Finding the Product Using the Multiplication Table,"<p>In the multiplication table, what number do you get when you multiply 8 by 9?</p>","Right:<p>72</p>,Wrong:<p>63</p>,Wrong:<p>81</p>,Wrong:<p>64</p>"
222,Associativity and Multiplication Problems,"<p>Which of these equations demonstrates the associative property of multiplication? (2 × 3) × 4 = 2 × (3 × 4)</p>","Right:<p>True, this demonstrates the associative property</p>,Wrong:<p>False, this is not the associative property</p>,Wrong:<p>This is the commutative property</p>,Wrong:<p>This is the distributive property</p>"
223,Associativity and Multiplication Problems,"<p>If (5 × 2) × 3 = 30, what is 5 × (2 × 3)?</p>","Right:<p>30</p>,Wrong:<p>25</p>,Wrong:<p>35</p>,Wrong:<p>40</p>"
224,Associativity and Multiplication Problems,"<p>Which grouping is easier to calculate: (2 × 5) × 10 or 2 × (5 × 10)? Why?</p>","Right:<p>2 × (5 × 10) is easier because 5 × 10 = 50, then 2 × 50 is simple</p>,Wrong:<p>(2 × 5) × 10 is easier because 2 × 5 is simpler</p>,Wrong:<p>Both are equally easy</p>,Wrong:<p>Neither is easy to calculate</p>"
225,Associativity and Multiplication Problems,"<p>If (3 × 4) × 5 = 60, what must 3 × (4 × 5) equal?</p>","Right:<p>60</p>,Wrong:<p>55</p>,Wrong:<p>65</p>,Wrong:<p>70</p>"
226,Multiplication Table and the Distributive Property,"<p>Using the distributive property, how can you calculate 7 × 6?</p>","Right:<p>(7 × 5) + (7 × 1) = 35 + 7 = 42</p>,Wrong:<p>(7 × 3) + (7 × 3) = 21 + 21 = 42</p>,Wrong:<p>(7 × 4) + (7 × 2) = 28 + 14 = 42</p>,Wrong:<p>(7 × 7) - (7 × 1) = 49 - 7 = 42</p>"
227,Multiplication Table and the Distributive Property,"<p>How can you use the distributive property to calculate 8 × 9?</p>","Right:<p>(8 × 10) - (8 × 1) = 80 - 8 = 72</p>,Wrong:<p>(8 × 5) + (8 × 4) = 40 + 32 = 72</p>,Wrong:<p>(8 × 8) + (8 × 1) = 64 + 8 = 72</p>,Wrong:<p>(8 × 7) + (8 × 2) = 56 + 16 = 72</p>"
228,Multiplication Table and the Distributive Property,"<p>Use the distributive property to find 6 × 7 without using the multiplication table.</p>","Right:<p>(6 × 5) + (6 × 2) = 30 + 12 = 42</p>,Wrong:<p>(6 × 3) + (6 × 4) = 18 + 24 = 42</p>,Wrong:<p>(6 × 6) + (6 × 1) = 36 + 6 = 42</p>,Wrong:<p>(6 × 8) - (6 × 1) = 48 - 6 = 42</p>"
229,Multiplication Table and the Distributive Property,"<p>How can you use the distributive property to calculate 5 × 12?</p>","Right:<p>(5 × 10) + (5 × 2) = 50 + 10 = 60</p>,Wrong:<p>(5 × 6) + (5 × 6) = 30 + 30 = 60</p>,Wrong:<p>(5 × 11) + (5 × 1) = 55 + 5 = 60</p>,Wrong:<p>(5 × 15) - (5 × 3) = 75 - 15 = 60</p>"
230,Finding the Unknown Factor Using the Multiplication Table,"<p>Using the multiplication table, if 7 × ? = 56, what is the unknown factor?</p>","Right:<p>8</p>,Wrong:<p>7</p>,Wrong:<p>9</p>,Wrong:<p>6</p>"
231,Finding the Unknown Factor Using the Multiplication Table,"<p>In the multiplication table, which number multiplied by 6 gives 42?</p>","Right:<p>7</p>,Wrong:<p>6</p>,Wrong:<p>8</p>,Wrong:<p>5</p>"
232,Finding the Unknown Factor Using the Multiplication Table,"<p>Using the multiplication table, find the missing factor: 9 × ? = 81</p>","Right:<p>9</p>,Wrong:<p>8</p>,Wrong:<p>10</p>,Wrong:<p>7</p>"
233,Finding the Unknown Factor Using the Multiplication Table,"<p>If 48 is in the 8 times table, what number was 8 multiplied by?</p>","Right:<p>6</p>,Wrong:<p>5</p>,Wrong:<p>7</p>,Wrong:<p>8</p>"
